seniorcitizen,tenure,monthlycharges,gender_male,dependents_yes,phoneservice_yes,multiplelines_yes,internetservice_fiber optic,contract_one year,contract_two year,actual_churn,predicted_churn,churn_probability
1,2,84,0,0,1,0,1,1,0,0,1,0.7908303
0,20,64,1,0,1,1,1,0,0,0,0,0.4783311
0,43,19,1,1,1,0,0,1,0,0,0,0.05103951
0,44,54,1,1,0,1,1,0,0,0,0,0.14696336
0,19,20,1,0,1,0,0,0,1,0,0,0.19926305
0,52,89,1,0,1,0,0,0,1,0,0,0.32823235
0,55,20,1,1,1,0,0,0,0,0,0,0.02811741
1,22,85,0,1,1,1,1,0,0,0,1,0.5366734
0,18,25,0,1,1,0,0,1,0,0,0,0.22111693
0,28,81,0,1,1,0,0,0,1,1,0,0.4710713
0,56,20,0,1,1,0,1,0,0,0,0,0.026768012
0,25,78,0,0,1,0,1,0,0,0,0,0.49294913
0,9,49,0,1,1,0,0,0,0,0,1,0.5071105
1,32,96,1,0,1,1,1,1,0,1,1,0.5126657
0,56,99,1,0,1,0,0,0,1,0,0,0.38246238
0,72,25,0,1,1,0,1,0,0,0,0,0.012999363
0,44,90,1,0,1,0,1,0,0,0,0,0.43259814
0,62,24,1,1,1,0,0,0,1,0,0,0.019060703
0,63,80,0,0,1,0,0,0,1,0,0,0.12901501
0,72,65,0,1,0,1,1,0,0,0,0,0.053530402
0,1,69,0,0,1,1,1,0,0,1,1,0.7279963
0,71,71,1,1,1,1,1,0,1,0,0,0.04740325
1,64,97,0,0,1,1,1,0,0,0,0,0.24568594
0,34,57,1,0,1,1,1,0,0,0,0,0.282971
0,1,45,1,1,1,0,1,0,0,0,1,0.5774556
0,66,67,0,1,1,0,0,0,1,0,0,0.06314355
0,1,95,0,0,1,0,1,0,0,1,1,0.8211155
0,15,65,0,0,1,1,0,1,0,1,1,0.5212862
0,61,81,1,0,1,0,0,1,0,0,0,0.15130423
1,13,90,1,0,1,1,0,0,1,1,1,0.68470025
0,2,62,0,0,1,0,0,0,0,0,1,0.69753397
0,72,109,1,0,1,0,0,0,1,0,0,0.19496562
0,26,90,0,0,1,1,0,0,1,0,1,0.5206386
0,44,55,1,1,1,0,1,0,0,0,0,0.13305032
0,1,51,1,0,1,1,1,0,0,1,1,0.6409637
0,72,101,0,0,1,0,0,1,0,0,0,0.1651579
0,1,40,0,1,0,0,1,0,0,1,1,0.5765103
0,48,100,0,1,1,1,1,0,0,0,0,0.43116263
0,35,75,1,0,1,0,0,0,1,1,0,0.43294862
1,1,75,1,0,1,0,1,0,0,1,1,0.772949
0,43,60,1,0,1,0,0,0,1,0,0,0.18964337
0,54,60,0,1,1,0,0,0,0,0,0,0.105242
0,34,79,1,1,1,1,1,0,1,0,0,0.42242312
0,4,40,1,0,0,0,0,0,0,0,1,0.57491225
1,41,95,1,0,1,1,1,0,0,0,0,0.47147828
0,18,95,1,0,1,1,1,1,0,1,1,0.6040265
0,40,51,0,1,0,1,1,1,0,0,0,0.16771457
1,8,85,0,0,1,0,0,1,0,0,1,0.7369003
1,8,43,1,0,0,0,0,0,0,0,1,0.566139
0,13,56,0,1,1,0,1,0,0,1,0,0.48547378
0,13,20,0,1,1,0,0,0,0,0,0,0.24904016
1,1,25,1,0,0,0,0,0,0,1,1,0.57161295
0,6,90,0,0,1,0,1,1,0,0,1,0.7413059
1,43,94,0,0,1,1,1,0,1,0,0,0.431127
0,72,94,0,0,1,1,0,0,1,0,0,0.1195589
1,1,86,1,0,1,0,0,0,0,1,1,0.81590474
0,60,111,1,1,1,1,0,0,1,0,0,0.3711347
0,32,99,0,1,1,0,0,0,0,0,1,0.50063145
0,68,100,1,0,1,0,0,0,0,0,0,0.19774856
0,43,80,0,0,1,0,0,0,1,0,0,0.4092431
0,36,76,0,0,1,1,1,0,0,0,0,0.4322944
0,1,44,0,0,1,1,1,0,0,1,1,0.6076959
0,24,21,1,0,1,0,0,0,0,0,0,0.18220426
0,56,90,1,0,1,1,0,0,1,0,0,0.24476127
0,23,79,0,0,1,0,0,1,0,1,1,0.5122846
0,49,96,0,1,1,1,1,0,1,1,0,0.385544
0,12,96,1,0,1,1,1,0,0,1,1,0.6908581
0,1,44,0,0,1,0,0,0,0,1,1,0.6287792
0,19,100,1,1,1,0,0,0,0,1,1,0.6166147
0,54,110,1,0,1,1,1,0,0,1,0,0.43254533
0,72,25,0,0,1,0,0,1,0,0,0,0.016994707
0,15,20,0,1,1,1,1,0,0,0,0,0.2113086
0,6,79,0,0,1,0,1,0,0,1,1,0.701889
0,56,99,0,0,1,1,1,0,0,0,0,0.3858447
0,17,56,1,0,1,1,1,0,0,0,0,0.47327924
1,48,71,0,0,1,0,0,0,0,0,0,0.2710165
0,4,20,1,0,1,1,1,1,0,0,0,0.383447
0,1,20,0,0,1,1,0,1,0,1,0,0.48237023
0,72,113,0,1,1,1,1,1,0,0,0,0.18284106
0,7,20,1,0,1,1,1,0,0,0,0,0.34095475
0,41,21,0,0,1,0,0,0,0,0,0,0.083388746
1,69,95,1,0,1,0,1,0,1,0,0,0.15177485
1,16,85,0,0,1,1,0,0,1,1,1,0.62543815
0,34,87,0,1,1,1,0,0,1,1,0,0.4455202
0,18,70,0,0,1,0,0,1,0,0,1,0.52136683
0,69,61,0,0,1,1,1,0,0,0,0,0.058511134
0,15,59,0,0,1,1,1,0,0,0,0,0.49611187
1,16,99,1,0,1,0,0,0,0,1,1,0.701792
0,49,84,1,0,1,1,0,0,1,1,0,0.3079868
1,46,99,1,0,1,1,1,1,0,0,0,0.4240527
0,33,86,0,1,1,0,0,0,0,1,0,0.47098222
0,59,111,1,1,1,1,1,0,0,0,0,0.38480335
0,65,104,1,1,1,1,0,0,1,0,0,0.19027278
0,3,51,0,0,0,0,0,0,0,1,1,0.6471943
1,38,100,0,0,1,1,1,0,1,1,0,0.48928705
1,62,111,1,0,1,0,1,1,0,0,0,0.42136782
0,53,112,0,0,1,0,0,0,0,0,0,0.43763718
0,40,62,1,0,0,0,1,1,0,0,0,0.2749914
0,54,111,0,0,1,0,0,0,1,1,0,0.4280549
1,1,46,1,0,1,1,1,0,0,0,1,0.6480624
0,67,94,0,1,1,0,1,0,0,1,0,0.1355162
1,32,74,0,0,1,1,1,0,0,1,0,0.4628217
0,2,70,1,1,1,0,0,0,1,0,1,0.68814826
1,57,45,1,0,0,1,1,0,0,1,0,0.08631217
0,53,60,1,0,0,1,0,0,1,1,0,0.13038786
0,13,25,0,1,1,0,0,1,0,0,0,0.2753835
0,25,26,1,1,1,0,0,0,0,0,0,0.16355549
0,35,20,1,0,1,1,0,0,1,0,0,0.08761884
0,14,76,1,0,1,1,0,0,1,0,1,0.57496876
1,72,65,1,1,0,1,1,0,0,0,0,0.057248924
0,72,20,0,1,1,0,1,0,0,0,0,0.010902084
0,31,104,0,0,1,0,0,0,0,0,1,0.54636425
0,48,20,1,0,1,1,0,0,1,0,0,0.043672387
0,23,75,0,1,1,0,1,0,0,0,0,0.4760463
0,13,46,1,0,0,0,1,0,0,1,0,0.48298866
0,50,21,0,1,1,1,1,0,0,0,0,0.037306108
0,22,101,1,0,1,1,1,0,0,1,1,0.5990016
0,71,19,1,1,1,0,1,0,0,0,0,0.010370141
0,64,92,1,1,1,0,0,1,0,0,0,0.14503089
0,68,105,1,1,1,0,0,0,1,0,0,0.16940296
0,1,54,0,1,1,1,1,0,0,0,1,0.6207456
0,28,90,0,0,1,0,0,0,0,1,1,0.5202658
0,29,34,1,0,0,0,1,1,0,0,0,0.21280643
0,65,76,1,0,1,0,1,0,0,0,0,0.102515705
1,14,90,1,0,1,1,1,0,1,1,1,0.6590508
1,37,20,0,0,1,1,0,1,0,0,0,0.10544247
1,40,39,0,0,0,0,0,1,0,1,0,0.18283086
1,23,90,1,0,1,1,0,1,0,0,1,0.5698468
0,48,60,0,0,1,1,1,0,0,1,0,0.15707156
0,29,75,1,0,1,0,1,0,0,0,0,0.46917388
0,29,89,1,1,1,0,0,1,0,1,0,0.48515046
0,37,102,0,0,1,1,1,0,0,1,0,0.48909423
0,19,90,1,0,1,0,0,0,0,0,1,0.60065293
1,60,110,0,0,1,0,1,0,0,0,0,0.4326743
0,29,20,0,1,1,1,1,1,0,0,0,0.10732181
1,49,81,1,0,1,0,1,1,0,0,0,0.3282007
0,26,20,0,1,1,1,1,0,0,0,0,0.1279103
0,32,51,1,1,0,0,1,0,0,0,0,0.24943991
0,38,20,1,0,1,1,0,0,1,0,0,0.07480773
1,5,69,0,0,1,0,1,1,0,1,1,0.6974657
0,40,50,0,0,1,0,0,0,0,0,0,0.19180046
0,36,25,1,1,1,0,0,0,0,0,0,0.093308695
0,29,46,1,0,0,0,0,0,0,0,0,0.32484785
1,4,51,1,0,0,0,0,0,0,0,1,0.6597574
1,64,75,0,0,1,1,1,0,1,0,0,0.10847026
1,64,80,1,0,1,0,0,0,0,0,0,0.14641328
0,72,90,0,1,1,0,0,0,0,0,0,0.09649059
0,19,90,0,0,1,0,0,0,0,1,1,0.60311013
0,15,51,0,0,1,1,1,0,0,0,0,0.46797487
0,15,76,0,1,1,1,0,0,1,0,1,0.54175764
0,1,76,1,0,1,1,1,0,0,0,1,0.75426924
0,72,81,1,1,1,0,0,0,0,0,0,0.07150664
0,25,41,1,1,0,0,1,0,0,0,0,0.262439
1,52,81,1,1,1,0,0,0,1,0,0,0.21148477
0,32,100,1,1,1,0,0,0,1,1,0,0.4947967
0,58,20,1,0,1,1,1,0,0,0,0,0.02705819
0,60,61,1,0,1,1,0,0,0,0,0,0.09195142
0,3,99,0,0,1,1,1,0,1,1,1,0.80890566
1,16,94,0,0,1,1,1,0,0,1,1,0.6645477
0,59,101,0,0,1,1,0,1,0,1,0,0.3722848
0,25,19,1,1,1,1,1,0,0,0,0,0.122380026
0,9,20,1,0,1,1,1,0,0,0,0,0.31963867
1,12,79,0,0,1,0,0,0,0,0,1,0.6667
0,63,25,1,1,1,1,0,0,1,0,0,0.01802322
0,51,95,0,1,1,1,1,0,1,0,0,0.3282204
0,3,70,1,1,1,0,0,0,1,1,1,0.67066306
0,43,93,0,1,1,0,0,0,0,0,0,0.43212432
0,12,45,1,0,1,0,0,1,0,1,0,0.4804045
0,59,80,0,0,1,1,1,0,0,0,0,0.1625087
0,5,30,0,1,0,0,0,0,0,0,0,0.48136675
0,1,20,0,0,1,1,1,1,0,0,0,0.47195268
0,1,70,0,0,1,1,1,0,0,1,1,0.7320263
1,11,78,1,0,1,1,1,0,0,0,1,0.6542012
1,10,92,1,0,1,0,0,1,0,1,1,0.7380941
0,61,85,1,1,1,1,1,0,1,0,0,0.11623936
0,71,82,0,0,1,1,1,1,0,0,0,0.089622684
0,22,76,0,0,1,1,0,0,1,0,1,0.50227326
0,3,19,0,1,1,0,0,1,0,0,0,0.37985796
0,10,19,0,0,1,1,1,0,0,0,0,0.3113589
0,51,112,0,0,1,0,0,1,0,0,0,0.44105887
1,27,104,0,0,1,0,1,0,0,1,1,0.5982928
0,33,108,0,0,1,0,0,0,0,0,1,0.5448105
0,69,79,1,0,1,0,1,0,0,1,0,0.09105779
1,2,86,0,0,1,0,0,1,0,1,1,0.8051495
0,16,95,0,0,1,0,0,1,0,0,1,0.64762485
0,15,19,1,1,1,1,0,0,0,0,0,0.20498224
0,70,69,1,1,1,1,1,0,0,0,0,0.053096417
0,1,46,1,0,1,1,1,0,0,1,1,0.61374694
0,1,50,1,1,1,0,0,0,0,0,1,0.6192193
0,1,21,1,0,1,1,1,1,0,0,0,0.4736739
0,21,81,0,0,1,0,0,0,0,0,1,0.546616
0,18,88,1,1,1,0,0,0,0,0,1,0.57742774
1,7,102,1,0,1,0,0,1,0,1,1,0.80752283
0,61,81,1,1,1,1,1,0,0,0,0,0.11436527
0,68,26,1,1,1,0,0,0,0,0,0,0.016775278
0,51,25,1,1,1,0,1,0,0,0,0,0.039249122
0,44,20,1,0,1,0,0,0,1,0,0,0.056235738
0,14,69,1,1,1,0,1,0,1,0,1,0.51781017
0,72,111,1,0,1,1,0,0,1,0,0,0.20320977
1,24,97,0,1,1,1,0,0,0,0,1,0.5762808
0,24,80,0,0,1,0,1,1,0,0,0,0.49997014
0,8,51,1,1,1,0,1,0,0,0,1,0.5138061
0,39,100,1,1,1,1,1,0,1,0,0,0.44528437
0,65,67,1,0,1,0,0,0,1,0,0,0.077265784
0,25,21,1,0,1,0,0,0,1,0,0,0.15578328
0,70,85,0,0,1,0,1,0,0,0,0,0.10804529
0,72,25,1,1,1,1,1,0,0,0,0,0.011683654
0,1,20,0,0,1,0,0,0,0,0,0,0.4988991
0,11,25,0,0,1,1,0,0,1,0,0,0.33741271
0,12,89,0,0,1,0,0,0,1,0,1,0.66993755
1,35,101,1,0,1,1,0,0,1,1,1,0.5130246
0,66,21,1,1,1,1,0,0,1,0,0,0.0132376375
0,66,102,0,1,1,1,1,0,0,1,0,0.18260288
1,61,99,1,1,1,0,0,1,0,0,0,0.25380108
0,1,20,1,0,1,0,0,0,0,0,0,0.49266422
0,10,45,0,0,1,0,0,0,1,0,0,0.49458802
0,68,54,0,0,0,1,0,1,0,0,0,0.061277788
0,46,81,1,1,1,0,1,0,0,0,0,0.26860046
0,4,46,0,0,1,0,1,1,0,1,1,0.56231457
0,5,40,0,0,0,1,0,1,0,1,1,0.54668224
0,64,73,1,1,1,0,0,0,1,0,0,0.077098235
0,58,95,0,0,1,0,0,0,0,0,0,0.3367598
0,48,75,0,0,1,0,0,0,0,0,0,0.27276716
0,70,65,1,0,1,0,0,0,0,0,0,0.064078875
0,8,55,1,0,1,0,0,0,1,0,1,0.5597044
0,17,55,1,0,0,1,0,1,0,0,0,0.4831657
0,10,65,0,0,1,1,1,0,0,0,1,0.57550126
0,23,20,0,1,1,0,0,0,0,0,0,0.1623201
0,25,100,0,0,1,1,0,0,1,1,1,0.56692576
1,29,84,1,0,1,1,0,0,1,0,1,0.5006782
0,3,50,1,0,1,0,1,1,0,0,1,0.59320503
1,1,46,0,0,1,0,0,0,0,1,1,0.6616795
0,5,76,0,0,1,0,0,0,0,0,1,0.7167969
0,69,110,1,0,1,1,1,0,0,0,0,0.23858005
1,4,46,0,1,1,0,0,1,0,1,1,0.5784722
1,46,110,0,0,1,0,0,1,0,1,0,0.4910805
0,8,75,1,0,1,0,0,0,0,1,1,0.6664352
0,9,70,1,0,1,0,0,0,0,0,1,0.63043636
1,49,90,0,0,1,0,0,0,1,0,0,0.4298004
0,53,72,1,1,1,0,0,0,1,0,0,0.13054645
0,1,76,1,0,1,0,0,0,0,1,1,0.76470447
0,3,75,0,0,1,0,1,0,0,1,1,0.72762656
0,16,85,1,1,1,0,0,0,1,0,1,0.574777
0,14,20,1,0,1,0,0,0,1,0,0,0.24690883
0,25,25,0,0,1,1,1,1,0,1,0,0.18248543
0,8,85,0,0,1,1,1,0,0,1,1,0.6949357
1,4,100,0,0,1,0,0,1,0,1,1,0.8308776
0,26,30,0,1,0,1,0,0,1,0,0,0.18561529
0,1,45,0,0,1,1,1,1,0,0,1,0.5995846
1,26,94,1,0,1,1,1,0,0,0,1,0.558457
0,55,55,1,1,1,0,0,0,0,0,0,0.083926894
0,9,20,0,1,1,0,0,0,1,0,0,0.27144176
0,42,94,1,0,1,1,1,0,0,0,0,0.4311981
0,5,34,0,1,0,0,0,1,0,0,0,0.49093986
1,34,94,0,0,1,0,0,0,0,1,1,0.5120165
0,16,20,1,0,1,0,0,0,0,0,0,0.25109476
0,48,70,0,0,1,0,0,0,0,0,0,0.23240034
0,65,45,0,1,0,1,0,0,0,0,0,0.04559639
0,9,50,1,1,1,0,0,0,0,0,1,0.50901127
0,27,49,1,0,1,1,1,0,0,0,0,0.3124734
1,4,95,1,0,1,1,0,1,0,0,1,0.8147055
0,24,21,1,1,1,1,0,0,0,0,0,0.14447525
0,19,35,1,1,0,1,0,0,1,0,0,0.2790579
0,53,100,0,0,1,1,0,1,0,0,0,0.4275255
1,46,101,1,1,1,1,0,0,1,1,0,0.42952564
0,4,90,1,0,1,1,1,1,0,1,1,0.76378435
0,35,86,0,0,1,1,1,0,0,1,0,0.46796414
0,72,108,0,0,1,0,0,0,0,0,0,0.21806702
0,25,35,0,1,0,1,1,0,0,0,0,0.22655636
0,12,20,0,0,1,0,0,0,1,0,0,0.2876722
0,68,20,0,0,1,0,1,0,0,0,0,0.017168723
0,63,80,0,0,1,1,1,0,0,0,0,0.13124661
0,68,86,0,0,1,1,1,0,0,0,0,0.120906256
0,45,116,0,0,1,0,0,1,0,0,1,0.50113827
0,49,109,1,1,1,0,1,0,0,0,0,0.43002295
0,16,75,1,0,1,0,1,0,0,0,1,0.5589716
1,10,95,1,0,1,0,0,0,0,1,1,0.7550967
0,52,89,1,0,1,1,0,1,0,0,0,0.34175864
0,2,94,1,0,1,0,1,0,0,1,1,0.8071281
0,22,76,0,1,1,1,1,1,0,0,0,0.4754627
0,7,30,0,1,0,0,0,1,0,0,0,0.45299122
0,13,51,1,0,1,1,0,1,0,0,0,0.48692107
0,1,20,0,0,1,0,0,0,1,0,0,0.4836007
0,45,76,1,0,1,1,1,0,0,0,0,0.29108194
1,55,45,1,0,0,0,1,0,0,0,0,0.098483756
0,3,80,0,0,1,0,0,1,0,1,1,0.75418085
0,22,85,1,0,1,1,0,0,0,1,1,0.5430634
0,2,70,0,0,1,1,1,0,0,0,1,0.7196899
0,23,84,0,1,1,1,1,0,0,1,1,0.5003185
0,72,25,1,0,1,0,0,1,0,0,0,0.015862482
1,61,82,1,0,1,0,0,1,0,0,0,0.1757998
0,37,20,0,0,1,0,0,0,0,0,0,0.09939668
0,51,90,0,1,1,0,1,0,1,0,0,0.26396486
0,5,24,1,0,0,0,1,0,0,0,0,0.47178683
0,71,115,0,1,1,0,1,0,0,0,0,0.22191317
1,34,69,1,0,1,0,0,0,1,0,0,0.4334344
1,71,87,1,1,1,0,1,0,0,0,0,0.093667015
1,1,74,1,0,1,1,1,0,0,1,1,0.76749456
0,2,20,0,0,1,1,0,0,0,0,0,0.47686186
0,4,57,0,1,0,1,1,0,0,0,1,0.6087432
0,3,25,1,0,0,0,0,0,0,0,1,0.5125194
0,53,106,0,0,1,0,0,0,0,1,0,0.42839977
0,3,90,1,0,1,0,0,0,1,0,1,0.78695613
0,66,61,0,0,0,0,0,1,0,0,0,0.083971925
0,16,20,1,0,1,1,1,0,0,1,0,0.23193887
0,60,54,0,0,0,0,1,0,1,0,0,0.08194125
0,51,94,0,1,1,0,0,0,0,0,0,0.39233977
0,20,69,0,0,1,1,1,0,0,0,0,0.49258572
0,68,54,0,0,1,0,0,0,0,0,0,0.055037815
0,13,24,1,1,1,1,1,1,0,0,0,0.23847738
0,26,92,1,0,1,0,0,0,1,0,1,0.532536
0,56,54,1,0,0,0,0,0,1,0,0,0.09981514
0,25,71,0,0,1,1,1,0,1,0,0,0.46698007
0,1,56,1,0,1,0,0,0,0,0,1,0.6828533
0,71,26,0,0,1,1,1,0,0,0,0,0.017305829
0,26,82,0,0,1,0,1,0,0,0,0,0.49922577
0,7,20,0,1,1,1,1,1,0,0,0,0.2945811
0,25,79,1,0,1,0,0,0,0,0,1,0.50303125
0,66,100,1,0,1,1,0,1,0,1,0,0.20738271
0,35,70,0,0,1,1,1,0,1,1,0,0.4065438
0,37,26,0,1,1,0,0,0,1,0,0,0.08591361
0,33,80,1,0,1,0,0,0,0,0,0,0.46629417
0,18,90,0,0,1,0,0,0,0,1,1,0.6124853
1,71,83,0,0,1,0,0,0,0,0,0,0.11617723
0,42,20,0,1,1,1,0,1,0,0,0,0.057673253
0,13,20,1,0,1,0,0,0,1,0,0,0.25986117
1,27,31,1,0,0,0,0,1,0,1,0,0.25212207
0,2,70,0,0,1,1,0,0,1,0,1,0.71916795
0,5,76,0,0,1,1,1,0,1,0,1,0.6835973
0,34,80,0,0,1,1,0,0,0,0,0,0.45803437
0,61,20,1,1,1,0,0,0,0,0,0,0.020122582
0,2,70,0,1,1,1,0,0,0,1,1,0.70081806
0,19,25,0,1,1,0,1,0,1,0,0,0.18734913
1,9,20,1,0,1,1,1,0,0,0,0,0.3565545
0,67,36,0,1,0,1,1,0,1,0,0,0.025686087
0,1,50,0,0,1,0,0,1,0,0,1,0.6472839
1,18,100,0,0,1,1,0,1,0,1,1,0.6704631
1,57,54,1,0,1,0,1,0,0,0,0,0.09653529
1,1,46,1,0,1,0,0,0,1,0,1,0.65219015
0,5,56,1,0,1,1,1,1,0,0,1,0.5888849
0,51,50,0,0,0,0,0,0,1,0,0,0.120384
0,1,75,1,0,1,1,0,0,1,1,1,0.75311345
0,47,103,1,0,1,0,0,0,0,0,0,0.44511315
1,1,74,1,0,1,0,0,1,0,1,1,0.77334446
0,14,80,0,0,1,1,0,0,1,1,1,0.5959847
0,69,105,1,0,1,1,1,0,0,1,0,0.20364635
0,72,104,1,1,1,1,1,0,0,0,0,0.12988803
1,1,40,1,0,0,1,1,0,0,1,1,0.6333258
0,71,73,1,1,1,1,1,0,0,0,0,0.05611866
1,1,70,0,0,1,1,1,0,0,1,1,0.7526115
0,46,20,0,1,1,0,0,0,0,0,0,0.049447987
0,68,110,1,0,1,1,0,0,1,1,0,0.24880299
1,64,102,1,0,1,1,1,0,0,0,0,0.283913
0,15,51,1,0,0,0,0,0,0,0,0,0.49452573
0,67,106,0,1,1,0,0,0,0,0,0,0.2184203
0,63,76,0,1,1,1,1,0,1,0,0,0.08493432
0,1,44,1,0,1,0,0,1,0,0,1,0.6152941
0,2,80,0,0,1,1,1,0,0,0,1,0.7592404
1,67,92,0,0,1,0,0,0,0,0,0,0.19134127
1,5,83,0,0,1,0,0,0,0,1,1,0.76867217
0,52,111,0,0,1,0,0,1,0,1,0,0.4311719
1,48,30,0,1,0,0,0,0,1,0,0,0.073235355
0,49,87,0,1,1,0,0,0,0,0,0,0.345869
0,34,65,0,0,1,1,1,0,0,0,0,0.40127417
0,68,71,1,0,1,0,0,0,0,0,0,0.08250113
0,68,76,1,1,1,0,1,0,0,1,0,0.072054274
0,62,115,0,0,1,0,0,0,0,0,0,0.43257084
0,30,20,0,1,1,0,0,0,1,0,0,0.10120209
0,43,55,0,0,1,0,1,0,0,0,0,0.18008496
0,9,20,0,0,1,1,1,0,0,0,0,0.33463314
0,23,90,0,0,1,0,0,0,0,1,1,0.5638938
0,27,72,1,1,1,1,1,0,1,0,0,0.43238673
1,29,59,0,0,1,1,1,0,1,0,0,0.42212087
0,38,20,1,1,1,1,1,0,0,0,0,0.06457078
0,1,45,0,0,1,1,0,0,0,1,1,0.6267159
0,58,109,0,0,1,0,0,0,0,0,0,0.4324638
0,51,87,1,0,1,0,1,0,0,0,0,0.33028385
0,61,21,1,0,1,1,1,0,1,0,0,0.02064291
0,7,86,0,0,1,1,1,0,0,1,1,0.71257615
1,26,61,0,0,1,1,0,0,0,0,0,0.45854536
0,35,89,1,0,1,0,0,0,1,0,0,0.47251683
0,72,86,0,1,1,0,0,0,1,0,0,0.076919205
0,10,20,1,0,1,0,0,0,0,0,0,0.33210796
0,42,20,1,0,1,0,0,0,1,0,0,0.06264109
0,1,25,0,0,0,0,0,0,0,1,1,0.55011696
0,39,21,0,0,1,0,1,0,0,0,0,0.087414555
0,1,80,1,0,1,0,0,0,1,1,1,0.77350646
0,2,74,0,1,1,1,1,0,0,1,1,0.7048865
0,72,21,1,1,1,0,0,0,1,0,0,0.009769436
1,8,76,0,0,1,0,0,1,0,1,1,0.6978242
1,11,78,0,1,1,1,1,0,0,0,1,0.6274116
0,45,82,0,0,1,1,1,1,0,0,0,0.3867666
0,37,89,0,1,1,0,0,0,0,0,0,0.45497417
0,5,21,1,1,1,1,1,0,0,0,0,0.32177004
0,10,70,1,0,1,0,0,0,1,0,1,0.6055118
0,65,105,1,0,1,1,0,0,0,0,0,0.2855447
1,71,106,0,0,1,1,1,0,0,0,0,0.22497678
0,21,20,1,0,1,0,1,0,0,0,0,0.19267483
0,58,68,0,0,1,0,1,0,0,0,0,0.12250811
0,6,84,1,1,1,1,1,0,0,1,1,0.6856631
0,72,106,1,0,1,0,0,0,0,0,0,0.19345532
0,42,64,1,1,1,0,0,0,0,0,0,0.20189315
0,43,26,0,0,1,0,1,0,0,0,0,0.08245097
0,43,104,1,1,1,0,0,1,0,0,0,0.45045948
0,1,55,1,0,1,0,0,0,1,0,1,0.66745865
1,22,70,0,0,1,1,1,1,0,0,0,0.49607652
0,22,70,0,1,1,0,0,0,0,1,0,0.47511464
0,25,96,1,0,1,0,0,0,0,0,1,0.56683236
0,1,91,1,1,1,0,1,0,0,1,1,0.7916352
0,59,111,1,0,1,1,0,0,1,0,0,0.42052805
0,13,84,0,0,1,1,1,1,0,1,1,0.61705506
0,1,50,1,1,1,0,0,0,0,1,1,0.6192193
0,4,84,0,1,1,1,0,0,1,1,1,0.7192592
0,1,75,0,0,1,0,1,0,0,1,1,0.75263804
1,36,54,1,0,1,0,1,0,0,0,0,0.26875964
0,72,72,1,1,1,0,0,0,0,0,0,0.056557037
0,22,20,1,1,1,1,1,0,1,0,0,0.13012494
0,59,100,1,0,1,0,0,0,0,1,0,0.37165403
0,55,97,1,0,1,1,1,0,0,1,0,0.36983684
1,7,70,1,0,1,0,0,0,1,1,1,0.6796457
0,63,109,0,0,1,0,0,0,1,0,0,0.3781428
1,70,91,0,0,1,1,1,0,0,0,0,0.14417969
1,67,116,1,0,1,0,0,0,0,0,0,0.42403024
0,3,56,1,1,1,0,0,0,0,1,1,0.6160555
1,62,98,0,0,1,0,1,0,0,0,0,0.3002226
0,11,20,0,0,1,0,0,0,1,0,0,0.3037404
0,23,54,1,1,1,0,1,1,0,0,0,0.3802545
0,72,93,0,1,1,1,1,0,0,0,0,0.09669159
0,29,69,1,1,1,1,1,0,0,0,0,0.42874363
0,66,74,0,1,1,1,0,1,0,0,0,0.07994526
0,11,70,0,0,1,0,1,0,0,0,1,0.5917228
0,50,80,0,0,1,0,0,1,0,0,0,0.28082603
1,32,79,0,0,1,0,0,0,0,0,0,0.4780614
0,45,24,1,1,1,0,0,1,0,0,0,0.054453794
0,69,84,0,1,1,0,0,0,0,0,0,0.09476557
1,28,103,0,0,1,1,1,0,1,1,1,0.56798846
0,1,20,0,1,1,1,0,0,0,0,0,0.46226752
0,71,76,0,1,1,1,1,0,0,0,0,0.06409623
1,1,72,0,0,1,1,1,0,0,0,1,0.7601928
1,44,19,1,0,1,0,1,1,0,0,0,0.06411277
0,71,105,0,0,1,1,0,1,0,0,0,0.19361891
0,48,107,0,0,1,1,1,0,0,1,0,0.44251958
0,2,30,0,1,0,1,1,0,0,0,1,0.50191706
0,72,105,1,1,1,1,1,1,0,0,0,0.12941295
0,69,106,1,0,1,1,1,0,0,1,0,0.21053879
0,40,62,1,0,1,0,0,0,0,0,0,0.2635898
0,12,46,0,0,1,1,0,0,1,0,0,0.47311574
1,72,115,1,1,1,0,1,1,0,0,0,0.21952362
0,29,88,0,1,1,1,0,0,1,0,0,0.48084882
0,18,75,0,0,1,1,1,0,0,0,1,0.53308314
0,48,20,1,0,1,0,0,0,0,0,0,0.05190069
0,52,80,1,0,1,1,1,0,0,0,0,0.22719873
0,45,85,1,0,1,1,1,1,0,0,0,0.40044716
0,11,35,1,0,0,0,1,0,0,0,0,0.4617501
0,1,25,1,0,1,1,0,0,0,0,1,0.51451766
0,7,35,0,1,0,0,0,1,0,0,0,0.47182226
1,3,84,0,0,1,1,1,1,0,1,1,0.78017884
0,4,35,0,0,0,0,1,1,0,0,1,0.5276286
0,52,79,1,1,1,0,1,0,0,0,0,0.18025963
0,1,82,0,0,1,0,0,1,0,1,1,0.7831937
0,13,29,0,0,0,1,1,0,0,0,0,0.40767804
0,1,70,0,0,1,1,0,0,1,1,1,0.7326561
0,46,24,0,0,1,0,0,1,0,0,0,0.06840427
0,47,90,1,1,1,0,0,0,0,0,0,0.40162408
0,71,91,0,1,1,1,0,0,1,0,0,0.09111061
0,68,20,0,0,1,1,0,0,1,0,0,0.0154016055
0,7,64,1,0,1,0,1,0,0,0,1,0.61512345
1,67,25,1,0,1,0,0,1,0,0,0,0.023786027
1,54,72,0,0,1,0,1,0,0,0,0,0.1915535
0,68,108,1,0,1,0,0,1,0,0,0,0.25541177
0,55,104,1,0,1,1,1,1,0,1,0,0.41538346
0,45,74,0,0,1,1,1,0,0,0,0,0.28126445
0,24,51,1,0,1,1,0,0,0,0,0,0.42136425
0,31,79,0,0,1,0,1,0,0,0,0,0.471928
0,44,112,1,0,1,0,0,0,1,0,0,0.49433517
0,52,85,1,1,1,0,0,0,0,0,0,0.23703471
0,45,81,1,0,1,1,1,1,0,0,0,0.3500661
0,23,24,1,1,1,1,1,0,1,0,0,0.13837017
0,5,54,0,0,1,0,0,0,1,1,1,0.5995471
0,4,86,0,0,1,0,0,0,1,1,1,0.76271844
0,71,80,1,0,1,0,1,1,0,0,0,0.082406715
0,19,49,1,1,1,1,1,1,0,0,0,0.37871143
0,71,105,1,0,1,1,0,0,0,0,0,0.19135061
0,1,35,0,0,0,0,0,0,0,1,1,0.6000357
0,51,90,1,0,1,0,0,0,1,0,0,0.37070534
0,22,93,1,0,1,1,0,0,1,0,1,0.5652828
0,1,74,0,0,1,0,0,1,0,0,1,0.7540727
0,1,19,0,0,1,0,0,0,1,0,0,0.47872758
0,42,94,0,1,1,1,1,0,0,1,0,0.43168217
0,37,61,1,1,1,0,0,0,0,0,0,0.24342409
0,50,103,1,1,1,1,0,0,0,0,0,0.43215376
0,1,44,0,0,1,0,1,0,0,0,1,0.61482084
0,55,101,0,1,1,0,0,0,1,0,0,0.373815
0,52,25,1,1,1,1,1,0,0,0,0,0.03578041
0,5,79,1,0,1,0,0,0,0,0,1,0.7272762
0,9,19,0,0,1,1,0,1,0,0,0,0.33146453
0,60,21,1,1,1,1,1,0,0,0,0,0.019948976
1,7,74,1,0,1,1,1,0,0,1,1,0.690589
0,61,108,1,0,1,1,0,0,1,0,0,0.37989148
0,1,50,1,0,1,1,1,0,0,0,1,0.63558614
0,40,51,1,0,1,0,1,0,0,0,0,0.1772636
0,4,49,1,0,1,1,0,0,1,0,1,0.5803443
0,11,70,1,0,1,1,0,0,0,0,1,0.5976254
0,25,19,0,1,1,1,1,0,0,0,0,0.13030623
0,2,20,0,0,1,0,0,0,0,0,0,0.48453945
0,64,74,1,0,1,0,0,0,0,0,0,0.10860336
0,3,82,1,0,1,0,0,0,0,0,1,0.7640054
0,65,25,0,1,1,0,0,0,0,0,0,0.020555722
0,6,56,0,1,1,1,1,0,1,1,1,0.54384357
0,41,35,0,0,0,1,0,0,1,0,0,0.12835585
0,5,85,0,0,1,0,0,0,0,1,1,0.7526632
0,3,40,1,0,0,0,1,0,0,1,1,0.5743652
0,70,102,0,0,1,0,0,0,0,0,0,0.19963926
1,52,104,1,0,1,0,0,1,0,0,0,0.42574614
0,57,39,1,0,0,0,1,0,0,1,0,0.065837696
1,1,45,1,0,1,1,1,0,0,0,1,0.6432266
0,36,90,0,0,1,0,0,0,0,0,0,0.48103222
0,22,79,1,1,1,0,0,1,0,0,0,0.4973737
0,9,81,1,0,1,1,1,0,0,0,1,0.6624036
0,13,78,1,1,1,1,1,0,0,0,1,0.56877315
0,24,25,0,1,1,0,1,0,0,0,0,0.1666942
0,10,55,1,0,1,0,0,0,0,0,1,0.545492
0,72,99,1,0,1,0,0,1,0,0,0,0.14716935
0,2,86,0,0,1,0,1,0,1,1,1,0.77602494
0,33,83,0,0,1,0,1,0,0,1,0,0.4734885
1,47,80,0,0,1,1,0,0,0,1,0,0.4025491
1,56,77,0,0,1,0,0,0,0,0,0,0.2137509
0,52,64,0,0,1,0,0,1,0,0,0,0.15245377
0,65,26,1,0,1,0,0,0,1,0,0,0.021778539
0,6,49,1,1,1,1,1,1,0,0,1,0.51070964
0,67,66,0,0,1,0,0,0,0,0,0,0.08037013
0,72,95,1,0,1,1,0,1,0,0,0,0.12605967
0,1,20,1,1,1,0,1,0,0,0,0,0.4254354
0,1,60,0,0,1,0,0,0,0,1,1,0.7016616
1,32,93,0,0,1,1,0,0,0,1,1,0.5170174
1,39,100,0,0,1,0,0,0,0,0,0,0.4962858
1,72,93,1,0,1,0,1,1,0,0,0,0.13030289
0,43,29,1,1,0,1,1,1,0,0,0,0.07776778
0,1,45,1,0,1,0,0,0,0,1,1,0.6318148
1,7,85,1,0,1,0,1,1,0,1,1,0.73631966
0,2,55,1,0,1,0,0,1,0,1,1,0.654242
0,68,24,1,1,1,1,1,1,0,0,0,0.013716461
0,1,96,0,0,1,0,1,0,1,1,1,0.81933016
0,72,114,1,1,1,0,0,1,0,0,0,0.19771037
0,5,94,1,0,1,0,0,0,0,1,1,0.78394073
0,18,65,0,1,1,1,1,0,0,0,0,0.472642
1,17,93,0,0,1,0,0,0,0,0,1,0.6655342
0,25,20,0,0,1,0,0,0,0,0,0,0.17875972
0,40,20,0,0,1,0,1,0,0,0,0,0.08054517
0,27,76,1,1,1,0,0,0,1,0,0,0.45671126
1,1,69,1,0,1,0,0,0,0,1,1,0.7579531
0,63,87,1,0,1,0,0,1,0,0,0,0.16351922
0,8,21,0,0,1,0,1,0,0,0,0,0.36962214
0,71,20,0,1,1,0,0,0,0,0,0,0.012303073
0,3,30,1,0,0,0,0,0,0,0,1,0.53828335
0,35,97,1,0,1,0,0,0,1,0,0,0.4888107
0,10,95,1,1,1,0,0,0,0,1,1,0.7013937
1,37,76,0,0,1,1,0,1,0,1,0,0.42854148
0,4,64,1,0,1,1,1,0,1,0,1,0.6390711
0,62,25,1,1,1,0,0,0,0,0,0,0.022676205
0,23,20,0,0,1,0,0,1,0,0,0,0.19078992
0,3,85,1,0,1,1,1,0,0,1,1,0.7646897
0,15,56,0,0,1,1,1,0,0,1,0,0.48476377
0,2,20,0,0,1,1,1,0,1,0,0,0.44572806
0,3,20,0,0,1,1,1,0,0,0,0,0.4553887
0,45,81,0,1,1,1,0,0,1,0,0,0.2881071
0,5,99,0,1,1,0,0,0,1,1,1,0.7728841
0,1,36,1,0,0,0,0,1,0,1,1,0.59714526
1,2,80,0,0,1,0,0,0,1,1,1,0.7834158
0,53,85,1,0,1,1,1,1,0,1,0,0.2441215
0,37,20,0,0,1,0,1,0,0,0,0,0.09404616
0,70,80,1,1,1,1,0,0,1,0,0,0.067268506
1,1,70,1,0,1,0,0,0,0,1,1,0.7616819
0,70,110,0,0,1,0,0,0,0,1,0,0.26478848
0,22,20,1,0,1,1,0,0,0,0,0,0.18889354
0,46,30,1,0,0,1,0,0,0,1,0,0.09152795
0,51,20,0,0,1,1,0,0,0,0,0,0.04546555
0,23,74,0,0,1,0,0,0,0,0,1,0.502354
0,65,104,0,1,1,0,1,0,0,0,0,0.21569677
0,71,109,0,0,1,0,0,1,0,0,0,0.22881585
0,72,26,1,1,1,0,0,1,0,0,0,0.01300459
0,9,70,1,0,1,0,0,1,0,0,1,0.62125933
0,70,90,0,0,1,1,1,0,0,0,0,0.12317227
0,31,64,0,0,1,0,1,0,0,0,0,0.4306721
0,39,41,0,0,0,0,0,1,0,0,0,0.17938305
0,59,76,0,1,1,1,0,1,0,0,0,0.119328424
0,20,82,0,0,1,0,0,0,0,1,1,0.56009835
0,29,66,0,0,1,0,0,1,0,0,0,0.43065006
0,20,20,0,1,1,0,0,1,0,0,0,0.1812466
0,17,93,1,1,1,0,0,0,0,1,1,0.607859
0,5,64,0,0,1,0,0,0,1,0,1,0.6474569
0,1,19,0,0,1,1,1,0,0,0,0,0.4752884
0,69,24,0,0,1,0,1,1,0,0,0,0.018238137
1,22,40,1,1,0,0,0,0,0,1,0,0.3686116
0,3,55,1,0,1,0,1,0,0,1,1,0.6300826
1,35,73,1,0,1,1,1,1,0,0,0,0.43233612
0,31,99,1,0,1,0,0,0,1,0,1,0.51922435
0,72,79,1,0,1,0,0,0,0,0,0,0.08337907
0,1,24,1,0,1,0,0,0,0,1,1,0.5152843
0,71,107,0,0,1,1,0,0,0,0,0,0.21662736
1,52,73,1,0,1,1,0,0,1,0,0,0.19288158
0,1,82,1,0,1,0,1,0,0,1,1,0.7770072
0,30,20,1,0,1,1,0,1,0,0,0,0.12577464
0,2,76,1,0,1,0,0,0,0,1,1,0.75307447
0,72,20,0,0,1,1,1,0,1,0,0,0.011517068
1,70,113,0,0,1,0,1,0,0,0,0,0.34370592
0,1,80,1,0,1,1,1,0,0,1,1,0.7691913
0,17,65,0,1,1,1,1,0,0,1,0,0.4797526
0,17,80,0,0,1,1,1,0,0,0,1,0.5646542
0,68,88,0,1,1,0,1,0,0,0,0,0.10607858
0,39,40,0,0,0,0,1,0,0,0,0,0.17090625
0,25,19,0,0,1,1,1,0,0,0,0,0.16076893
1,57,101,0,0,1,0,1,0,1,0,0,0.40999976
0,1,75,1,1,1,1,0,0,1,1,1,0.7222285
0,50,82,0,0,1,0,0,0,0,0,0,0.3287586
1,66,116,1,1,1,0,0,0,0,0,0,0.391524
1,65,104,1,0,1,0,0,0,0,0,0,0.34222022
0,15,26,1,0,1,1,1,0,0,0,0,0.2865958
0,1,46,1,0,1,0,0,0,0,1,1,0.6365932
0,11,44,0,0,1,1,0,1,0,1,0,0.47610793
0,1,70,1,0,1,1,1,0,1,0,1,0.72014403
0,31,80,0,0,1,0,0,0,0,1,0,0.47985807
1,1,70,0,0,1,1,0,1,0,1,1,0.7561734
0,50,43,1,1,0,0,0,0,0,0,0,0.091699265
0,2,25,1,0,0,0,0,0,1,0,1,0.5137207
0,22,49,0,0,1,1,1,0,0,1,0,0.4228215
0,32,84,1,1,1,0,1,0,0,0,0,0.46148977
1,10,79,1,0,1,1,1,1,0,1,1,0.6628792
0,19,84,1,1,1,0,0,0,0,1,1,0.5506083
0,47,74,1,0,1,0,1,0,0,0,0,0.25234255
0,9,81,1,0,1,0,1,0,0,1,1,0.66761416
1,15,92,0,0,1,1,0,0,1,0,1,0.6707561
1,4,89,0,0,1,1,1,1,0,1,1,0.7875371
1,54,74,1,0,1,1,1,1,0,0,0,0.18174498
0,67,81,1,1,1,1,1,0,0,0,0,0.08426918
0,27,95,0,0,1,0,0,0,1,0,1,0.5372834
0,1,50,0,0,1,1,0,0,0,0,1,0.65252036
0,5,20,1,0,1,1,1,1,0,0,0,0.3645474
0,11,75,1,0,1,0,0,1,0,1,1,0.61812484
0,1,51,1,0,1,1,0,0,1,0,1,0.6406426
1,60,98,1,0,1,1,1,0,0,0,0,0.32366908
0,70,81,0,1,1,1,1,0,0,0,0,0.07662098
0,1,20,1,1,1,1,1,0,0,0,0,0.40279672
0,72,85,1,0,1,1,1,0,0,0,0,0.09038678
1,39,91,1,0,1,1,1,0,0,0,0,0.46991843
0,21,84,1,0,1,0,0,0,0,0,1,0.55603874
0,6,26,1,1,1,0,0,0,0,0,0,0.40821308
0,45,54,0,1,1,1,1,1,0,1,0,0.124002084
0,2,90,1,1,1,0,0,0,0,1,1,0.7862917
1,72,92,0,1,1,0,1,0,0,1,0,0.10976246
1,1,85,0,0,1,1,0,0,0,1,1,0.8111015
0,67,20,1,0,1,0,1,0,0,0,0,0.016963255
0,65,72,1,1,1,0,0,1,0,1,0,0.07736102
1,8,81,0,0,1,1,0,0,1,1,1,0.71226525
0,61,94,1,0,1,1,0,0,0,1,0,0.23288582
0,12,19,0,1,1,1,1,1,0,0,0,0.2294193
0,16,55,1,0,0,1,1,0,0,0,0,0.48405272
0,65,90,0,0,1,1,1,0,1,0,0,0.14473765
0,67,111,1,0,1,0,1,0,0,0,0,0.31187874
0,1,56,1,0,1,1,1,1,0,0,1,0.65448844
0,26,50,0,0,0,0,1,0,0,0,0,0.42567715
0,67,54,1,1,1,1,1,0,0,0,0,0.04026408
0,11,20,0,0,1,1,0,1,0,0,0,0.31101975
0,1,70,1,1,1,0,0,0,1,0,1,0.70537084
0,44,100,1,0,1,0,1,1,0,0,0,0.43661332
0,71,87,0,1,1,1,1,0,1,0,0,0.076335765
0,18,58,0,1,1,0,0,0,0,0,0,0.46424535
0,50,90,0,0,1,0,0,1,0,0,0,0.4108806
0,12,49,1,0,1,1,1,0,0,0,0,0.4837963
0,8,43,1,1,1,1,0,0,1,0,0,0.47040296
0,68,64,0,0,0,0,0,0,0,0,0,0.08485205
0,24,104,0,0,1,0,0,0,1,0,1,0.6009373
0,69,76,1,1,1,1,0,0,1,0,0,0.063686326
0,68,77,1,0,1,1,1,0,1,0,0,0.07951475
0,21,103,0,1,1,1,0,0,1,1,1,0.5941652
0,57,75,0,0,1,1,1,1,0,0,0,0.14981602
0,52,96,1,0,1,0,0,0,1,0,0,0.40929165
1,18,85,0,0,1,1,1,0,0,1,1,0.600998
1,18,79,1,0,1,1,1,1,0,1,1,0.5645801
0,12,19,0,1,1,0,1,0,0,1,0,0.24116574
0,67,86,0,0,1,1,0,0,1,0,0,0.12173481
0,52,69,1,1,1,0,1,0,0,0,0,0.13170867
0,63,39,1,1,0,0,0,0,0,0,0,0.04085628
0,34,25,0,0,1,1,1,0,0,0,0,0.12297646
0,46,19,0,1,1,1,1,0,0,0,0,0.04339145
0,14,106,0,0,1,0,0,0,0,1,1,0.7279019
0,62,56,1,1,1,0,0,1,0,0,0,0.059202682
1,11,104,0,0,1,0,0,1,0,1,1,0.77448994
0,28,26,0,0,1,0,0,0,1,0,0,0.16371591
0,42,108,1,0,1,1,0,0,1,0,0,0.48575044
0,1,20,1,0,1,0,1,0,0,0,0,0.47670662
0,43,75,1,0,1,1,1,1,0,0,0,0.30973336
1,63,109,1,0,1,0,1,1,0,0,0,0.39572856
1,43,103,1,0,1,1,1,0,0,1,0,0.48339987
0,7,19,0,0,1,0,1,1,0,0,0,0.35136154
1,20,91,0,0,1,0,0,0,1,1,1,0.6130139
0,26,20,1,0,1,0,1,0,0,0,0,0.15341787
0,36,95,1,0,1,1,0,1,0,0,0,0.48196605
0,1,44,1,0,1,0,0,0,0,0,1,0.62701035
0,1,44,0,0,1,0,0,0,0,0,1,0.6287792
0,52,30,1,0,0,0,0,0,1,0,0,0.061085552
0,6,20,0,1,1,0,0,0,1,0,0,0.3182934
0,50,70,0,1,1,0,0,0,0,0,0,0.16867909
0,58,71,0,0,1,0,0,1,0,0,0,0.13751656
0,27,50,1,0,1,1,1,0,0,0,0,0.3245478
0,70,65,0,1,1,1,0,0,1,0,0,0.04745831
0,42,20,0,0,1,0,1,0,0,0,0,0.072376736
1,15,55,0,0,1,0,1,0,0,1,1,0.51530457
0,2,20,0,0,1,1,1,0,0,0,0,0.4664796
1,7,75,1,0,1,1,0,0,1,0,1,0.6971715
0,47,85,0,0,1,0,1,0,0,1,0,0.40104076
1,20,60,0,0,1,0,0,0,1,0,0,0.4901869
1,46,104,0,0,1,1,1,0,0,0,0,0.47271135
1,3,79,0,0,1,0,0,1,0,1,1,0.7719583
0,64,100,0,0,1,0,1,0,1,1,0,0.22459655
0,44,20,1,1,1,0,1,0,0,0,0,0.048363168
0,55,73,0,0,1,0,0,0,0,0,0,0.17665777
0,71,94,0,0,1,1,0,0,1,1,0,0.12626722
0,2,29,0,1,0,0,1,0,0,0,1,0.50294876
0,45,108,1,0,1,1,0,0,0,0,0,0.47940567
0,12,19,0,0,1,0,0,0,0,0,0,0.30482343
0,54,20,0,0,1,0,0,0,0,0,0,0.040021513
0,15,21,0,1,1,1,1,0,0,0,0,0.21695086
0,72,104,0,1,1,1,1,0,0,0,0,0.13721651
0,25,20,0,1,1,1,1,0,1,0,0,0.11917834
0,68,25,1,0,1,0,0,0,1,0,0,0.01775041
0,33,81,1,0,1,0,1,0,1,0,0,0.44946566
0,55,75,0,1,1,0,1,0,0,0,0,0.14268105
0,1,89,1,1,1,1,1,0,0,1,1,0.78262573
0,10,45,1,0,1,0,0,1,0,1,0,0.49501204
0,11,21,0,1,1,0,0,1,0,0,0,0.27015868
0,26,89,0,0,1,1,1,0,1,1,1,0.5087867
0,42,73,1,1,1,0,1,1,0,0,0,0.25144854
0,10,66,0,1,1,0,1,0,0,0,1,0.55882573
0,27,101,1,1,1,1,0,1,0,0,1,0.5285831
1,8,29,1,0,0,0,0,0,0,1,0,0.49752924
0,21,86,0,0,1,0,0,1,0,0,1,0.5568638
0,69,19,1,0,1,1,1,0,0,0,0,0.014083046
0,70,77,1,0,1,1,1,0,0,0,0,0.08044893
1,6,80,1,0,1,1,0,1,0,0,1,0.7386825
0,1,84,0,0,1,0,0,0,0,1,1,0.79363763
0,18,96,0,0,1,0,0,0,0,0,1,0.6359301
0,63,97,0,0,1,1,1,1,0,0,0,0.22027302
0,12,89,0,0,1,0,0,0,1,1,1,0.66993755
1,8,84,0,0,1,0,0,0,0,1,1,0.7368649
0,16,93,0,0,1,0,0,0,0,1,1,0.6471124
0,46,19,1,0,1,0,1,0,0,0,0,0.052546762
0,11,65,0,0,1,1,1,0,0,0,1,0.5630704
0,32,91,1,0,1,1,1,0,0,0,0,0.48416293
1,12,84,1,0,1,0,1,0,0,1,1,0.6735988
0,71,96,0,0,1,0,0,0,0,0,0,0.15420713
0,6,94,0,1,1,0,0,0,0,0,1,0.7510726
0,17,21,0,1,1,0,1,0,0,0,0,0.2056953
0,8,59,1,0,1,1,1,0,0,0,1,0.5713649
0,33,51,0,0,1,1,0,0,1,0,0,0.24841778
0,56,110,0,0,1,0,0,0,0,0,0,0.4310466
0,72,85,0,0,1,1,1,0,0,0,0,0.09500502
0,33,74,1,1,1,1,1,0,0,1,0,0.42132592
1,8,94,0,0,1,1,0,0,0,1,1,0.7742946
0,1,89,0,1,1,1,0,0,0,0,1,0.79146045
0,6,49,0,1,1,1,1,0,1,0,1,0.5100983
0,58,20,0,1,1,0,0,0,0,0,0,0.025541006
0,17,70,1,0,1,1,1,1,0,1,1,0.5110571
0,40,25,0,1,1,0,0,0,1,0,0,0.07081959
0,21,20,1,1,1,1,1,0,0,0,0,0.1532226
0,70,104,0,0,1,0,0,0,0,0,0,0.21332745
0,54,87,1,0,1,0,0,0,1,0,0,0.25433218
0,71,60,0,1,0,0,0,0,1,0,0,0.047798153
1,65,107,0,1,1,1,1,0,0,0,0,0.26587486
0,34,20,0,1,1,0,0,0,0,0,0,0.093645275
0,27,69,1,0,1,1,0,0,0,0,0,0.46024346
0,10,55,0,1,1,1,1,1,0,1,0,0.49375084
0,16,56,1,1,1,1,1,0,0,0,0,0.4567638
0,23,60,1,0,1,1,1,0,0,0,0,0.44942555
1,10,73,1,0,1,1,1,0,0,1,1,0.64432555
1,69,105,0,0,1,0,0,0,0,0,0,0.27010927
1,51,98,1,0,1,0,0,0,0,1,0,0.4291473
0,4,66,1,0,1,1,1,0,1,0,1,0.6487742
0,14,55,1,0,0,0,1,0,0,0,1,0.5100143
0,72,24,1,1,1,0,0,0,0,0,0,0.012470417
0,7,75,0,0,1,1,1,0,0,0,1,0.66351
0,56,60,1,1,1,0,0,1,0,0,0,0.08804707
0,8,45,1,1,0,1,1,0,0,0,0,0.49518222
0,30,94,1,1,1,1,1,0,0,1,0,0.48451915
0,12,33,0,1,0,1,1,0,0,0,0,0.40372926
0,72,42,1,0,0,0,0,1,0,0,0,0.03315091
0,1,46,1,0,1,1,1,1,0,0,1,0.6001967
0,50,19,0,0,1,1,0,0,1,0,0,0.04056129
0,3,20,0,0,1,1,1,1,0,1,0,0.4322148
0,9,20,1,0,1,0,1,0,0,0,0,0.32963118
0,11,21,1,0,1,1,1,1,0,0,0,0.29108548
0,46,71,0,0,1,0,0,0,1,0,0,0.24402674
0,47,87,1,1,1,0,0,0,1,0,0,0.33030212
0,59,109,0,0,1,1,0,0,0,0,0,0.42868572
0,3,70,0,0,1,0,0,1,0,1,1,0.7120252
0,10,40,0,1,0,0,0,1,0,0,0,0.46460617
0,55,78,0,0,1,1,1,0,0,1,0,0.1881213
0,2,80,0,0,1,0,0,1,0,1,1,0.76614064
0,57,90,1,1,1,1,0,0,0,0,0,0.20439024
0,6,84,1,0,1,0,0,0,0,1,1,0.7348455
0,34,77,1,1,1,0,0,0,1,0,0,0.4295583
0,3,20,1,0,1,0,0,1,0,0,0,0.46093282
0,61,86,0,0,1,0,1,0,0,0,0,0.18216766
0,68,26,0,0,1,0,0,0,0,0,0,0.022732062
0,72,55,1,1,0,0,1,0,0,0,0,0.039057128
1,19,105,0,0,1,0,0,0,0,0,1,0.6932113
0,72,90,1,1,1,0,0,0,1,0,0,0.08148174
0,1,20,0,0,1,0,0,0,0,0,0,0.4988991
0,26,19,0,0,1,0,0,0,0,0,0,0.16614813
0,10,75,1,0,1,0,1,0,0,0,1,0.62684196
0,43,20,1,0,1,1,1,0,1,0,0,0.05381955
1,71,69,0,1,1,1,0,1,0,0,0,0.061937433
0,57,19,1,0,1,1,0,0,1,0,0,0.025680356
1,2,94,1,0,1,1,1,0,0,1,1,0.8251633
0,58,65,0,0,1,1,0,0,0,0,0,0.11767651
0,72,71,0,1,1,0,0,0,0,0,0,0.058182836
0,6,50,0,0,1,0,0,0,0,1,1,0.5778619
0,16,91,1,1,1,0,0,1,0,0,1,0.59966713
0,33,104,0,0,1,0,1,0,0,1,1,0.5229554
0,47,95,1,0,1,0,0,0,0,0,0,0.43324065
0,39,48,0,0,1,0,0,0,0,0,0,0.19016658
1,71,25,1,0,1,1,0,0,1,0,0,0.016277554
0,9,75,0,0,1,0,1,1,0,0,1,0.6339196
0,71,91,1,0,1,1,0,0,1,0,0,0.10863742
0,70,40,1,0,0,1,0,0,1,0,0,0.030574998
0,3,108,1,0,1,1,1,0,0,0,1,0.8391989
0,12,82,1,0,1,0,0,0,1,1,1,0.6354433
0,45,20,1,1,1,1,1,0,0,0,0,0.044230394
1,24,104,1,0,1,0,0,0,1,1,1,0.6244453
0,9,78,0,0,1,0,1,0,0,1,1,0.65650886
0,39,49,1,0,0,1,1,0,0,1,0,0.19815092
0,69,20,0,1,1,1,1,0,0,0,0,0.012471549
0,51,86,0,1,1,0,0,0,0,0,0,0.27143896
0,26,98,1,0,1,1,1,0,0,1,1,0.5481689
0,49,78,0,1,1,1,0,0,1,0,0,0.20322768
1,61,86,1,0,1,0,0,0,0,0,0,0.20717026
1,7,48,0,0,1,0,0,0,1,0,1,0.575834
0,72,79,0,0,1,0,0,0,0,0,0,0.087912336
0,43,94,0,0,1,1,1,0,1,0,0,0.4307182
0,69,99,0,0,1,0,0,0,0,0,0,0.19064206
0,60,25,0,0,1,0,0,0,1,0,0,0.02979838
0,1,50,1,0,1,0,1,0,0,1,1,0.6420861
1,72,107,0,0,1,0,0,0,1,0,0,0.21761978
0,67,104,0,1,1,1,1,0,0,0,0,0.18507157
0,54,104,0,0,1,0,0,0,1,1,0,0.43287265
0,70,77,1,0,1,1,1,0,0,0,0,0.08044893
0,13,70,1,0,1,0,0,0,0,0,1,0.5777004
0,67,87,1,1,1,1,0,1,0,1,0,0.10280094
0,54,44,0,0,0,0,0,1,0,0,0,0.096879944
1,19,88,1,0,1,0,0,0,1,1,1,0.60832727
0,70,115,1,1,1,1,0,1,0,0,0,0.2216138
0,32,74,0,1,1,1,1,0,1,0,0,0.42060947
1,31,91,0,0,1,0,0,1,0,0,1,0.5165528
0,45,97,0,0,1,0,1,1,0,0,0,0.42839015
0,34,78,1,1,1,0,0,0,0,1,0,0.43332955
0,4,83,0,0,1,1,1,1,0,0,1,0.7365767
0,18,35,0,1,0,0,0,0,0,1,0,0.3563831
0,26,74,0,0,1,0,1,0,0,0,0,0.4723714
0,72,116,0,1,1,1,1,0,0,0,0,0.21131985
0,64,97,0,0,1,1,1,0,0,0,0,0.21606623
0,7,75,0,0,1,0,0,0,1,1,1,0.6710957
0,19,50,1,1,1,0,0,0,0,0,0,0.43196276
0,47,65,0,0,1,0,0,0,0,0,0,0.20878698
0,53,81,1,0,1,1,1,0,1,0,0,0.2005309
0,72,115,0,0,1,0,0,0,1,0,0,0.25390777
1,16,59,0,0,1,0,0,0,0,1,1,0.53196335
0,34,41,1,1,0,1,1,0,0,0,0,0.16881952
0,1,55,0,0,1,0,0,0,0,0,1,0.67978215
0,39,24,0,1,1,0,0,0,0,0,0,0.08235222
0,72,92,1,0,1,1,0,0,1,0,0,0.10613407
0,72,91,0,0,1,0,0,0,0,0,0,0.12522212
0,61,98,1,1,1,0,0,1,0,0,0,0.21387139
0,1,70,0,0,1,0,0,0,1,1,1,0.73667216
0,69,100,1,0,1,0,1,0,0,0,0,0.17636316
1,1,94,1,0,1,0,0,0,0,1,1,0.8392023
0,32,70,1,1,1,0,1,0,0,1,0,0.41720885
0,47,59,0,0,1,0,0,0,0,0,0,0.1754055
0,9,20,0,0,1,1,1,0,0,0,0,0.33463314
0,26,20,1,0,1,0,0,0,0,0,0,0.16163003
0,70,79,1,0,1,1,1,0,0,0,0,0.084670275
1,1,70,0,0,1,1,1,0,0,1,1,0.7526115
0,71,106,1,0,1,1,0,0,1,0,0,0.17898956
0,1,71,0,0,1,1,0,0,0,1,1,0.7444843
0,25,54,1,1,1,0,1,0,0,0,0,0.35231423
0,15,25,0,0,1,1,0,0,1,0,0,0.27995628
1,69,87,0,0,1,0,0,0,1,0,0,0.13188358
1,49,50,1,0,1,0,0,0,0,0,0,0.1345792
0,31,80,1,0,1,1,1,0,1,0,0,0.45680004
0,1,45,0,0,1,1,0,0,1,0,1,0.61017984
0,64,74,0,0,1,0,0,0,0,0,0,0.114035666
0,11,20,0,1,1,0,0,1,0,1,0,0.263481
0,47,21,0,0,1,1,0,0,1,0,0,0.051119313
0,72,98,0,0,1,0,0,0,0,0,0,0.15553078
1,41,104,0,0,1,0,0,0,0,0,0,0.49537754
0,1,20,1,1,1,0,0,1,0,1,0,0.4470907
1,4,30,1,0,0,1,1,0,1,0,1,0.523427
1,13,98,1,0,1,1,1,0,0,1,1,0.7163035
1,53,97,0,0,1,0,0,0,1,0,0,0.4307219
0,23,84,1,0,1,0,1,0,0,0,1,0.52853614
0,10,21,0,0,1,0,0,0,0,0,0,0.36080372
0,8,19,0,0,1,1,1,0,0,0,0,0.33888337
0,66,89,1,0,1,1,1,0,0,0,0,0.14053714
0,67,105,1,1,1,1,1,1,0,0,0,0.17486408
0,2,20,0,0,1,0,0,0,0,0,0,0.48453945
0,3,76,0,0,1,0,0,1,0,1,1,0.73861575
0,8,38,0,1,0,0,1,0,0,0,0,0.47421914
0,6,61,1,0,1,1,0,1,0,0,1,0.61336267
0,6,105,0,0,1,0,0,0,1,1,1,0.8062353
0,1,91,0,0,1,1,1,0,0,1,1,0.80757284
0,17,96,1,0,1,1,1,0,0,0,1,0.6274719
0,3,25,1,0,0,0,1,1,0,1,0,0.49069124
0,8,85,0,0,1,0,0,0,0,1,1,0.71447563
0,10,68,0,0,1,1,1,0,1,0,1,0.5785619
1,58,100,0,0,1,1,1,1,0,0,0,0.3937645
0,5,51,0,0,1,0,0,1,0,1,1,0.5871844
1,45,75,1,0,1,0,1,0,0,0,0,0.3492707
0,31,26,1,1,1,1,1,0,0,0,0,0.11303778
0,26,70,0,0,1,1,0,0,0,0,0,0.47313592
0,46,35,0,1,0,1,1,1,0,0,0,0.08424893
0,1,19,1,1,1,0,1,0,0,0,0,0.4120067
0,25,55,0,1,1,1,1,0,0,0,0,0.37435153
0,4,74,0,1,1,0,0,0,0,1,1,0.6924797
0,35,90,1,1,1,0,1,0,0,0,0,0.46286196
0,1,75,1,0,1,1,1,0,1,1,1,0.74213386
0,40,57,0,0,1,1,1,0,1,0,0,0.19516864
0,30,94,0,0,1,0,0,0,0,1,1,0.51935905
0,1,75,1,0,1,0,1,0,1,0,1,0.7449249
1,13,55,0,0,1,0,0,1,0,0,1,0.5345022
0,2,45,0,0,1,1,1,0,1,0,1,0.5784266
0,72,20,1,0,1,0,0,0,0,0,0,0.013603266
0,71,83,1,0,1,0,0,0,1,0,0,0.08730712
0,8,94,1,0,1,0,1,0,0,1,1,0.7354067
0,1,45,0,0,1,1,1,0,0,0,1,0.61321485
0,23,79,0,0,1,0,0,0,0,0,1,0.52035594
0,3,29,0,0,0,0,0,1,0,0,1,0.5260701
0,23,94,0,0,1,0,0,0,1,0,1,0.5696444
0,72,112,1,1,1,0,0,0,0,0,0,0.19116467
0,53,105,1,1,1,0,1,0,0,0,0,0.42146486
0,57,88,0,0,1,0,0,0,1,0,0,0.23460756
0,57,90,1,0,1,1,1,0,0,0,0,0.23989472
0,1,30,0,1,0,0,0,0,0,1,1,0.5384444
0,48,71,1,0,1,1,1,1,0,0,0,0.20041536
0,72,61,1,0,0,0,0,0,0,0,0,0.06118488
0,71,91,0,1,1,1,1,1,0,0,0,0.09304423
0,51,79,0,0,1,0,0,0,0,0,0,0.26449513
0,30,54,1,1,1,1,1,0,0,0,0,0.26115096
0,20,26,0,1,1,0,0,1,0,0,0,0.20784815
0,1,20,0,0,1,1,0,0,1,1,0,0.47919387
0,3,97,0,0,1,0,0,1,0,1,1,0.8132523
0,67,80,1,1,1,1,1,0,0,1,0,0.081946015
1,31,74,0,0,1,1,1,0,0,1,0,0.4658289
0,1,70,1,0,1,0,0,0,1,1,1,0.73548293
0,16,19,0,0,1,0,0,0,0,0,0,0.25689536
0,47,55,1,1,1,0,0,0,1,0,0,0.110306405
0,71,108,1,0,1,1,1,0,0,1,0,0.20138103
0,34,20,0,0,1,1,0,1,0,0,0,0.109365344
0,16,91,0,0,1,0,0,0,0,0,1,0.6378374
0,22,84,0,0,1,0,1,0,0,0,1,0.5394391
0,7,34,1,1,0,0,0,1,0,1,0,0.46858528
0,55,56,0,1,1,1,1,0,0,0,0,0.08368664
0,36,97,0,1,1,0,1,0,0,1,0,0.4800281
0,11,85,1,0,1,1,1,0,1,0,1,0.6437307
0,66,105,1,0,1,1,1,0,1,1,0,0.2194044
0,29,75,1,0,1,0,0,0,1,0,0,0.462456
0,72,24,1,0,1,1,1,0,0,0,0,0.014201643
0,27,20,1,0,1,0,0,0,0,0,0,0.15408066
1,17,89,0,0,1,0,0,0,1,1,1,0.6362825
0,22,65,1,0,1,0,1,0,0,0,0,0.47365144
0,46,21,0,0,1,1,1,0,0,0,0,0.058086388
0,1,83,0,0,1,0,0,0,1,0,1,0.78501236
0,51,56,0,1,0,0,1,0,0,0,0,0.120318785
0,5,64,0,0,1,1,0,0,1,0,1,0.64159566
0,31,82,1,0,1,0,0,0,0,0,0,0.48011827
0,62,106,1,1,1,0,0,0,0,0,0,0.2984019
0,7,69,1,0,1,1,0,0,0,0,1,0.6468025
0,41,75,0,0,1,0,1,0,0,0,0,0.4003318
0,31,81,0,1,1,0,0,1,0,0,0,0.460522
0,68,89,0,1,1,1,0,0,1,0,0,0.10109547
0,1,19,0,0,1,1,1,0,0,0,0,0.4752884
0,39,86,1,1,1,0,0,1,0,1,0,0.43298444
0,22,69,0,0,1,1,1,1,0,1,0,0.47549227
0,7,50,0,0,1,0,0,1,0,0,1,0.5542714
0,33,26,0,0,1,1,0,0,0,0,0,0.14029644
0,23,65,1,0,1,0,0,0,0,0,0,0.47466794
0,1,44,1,1,1,0,0,0,0,0,1,0.5872592
0,65,60,0,0,1,0,0,1,0,0,0,0.07359551
0,18,24,1,0,1,0,1,0,0,0,0,0.24073647
1,12,98,0,0,1,0,0,0,1,1,1,0.7364805
0,43,25,0,1,1,0,1,1,0,0,0,0.06337688
0,2,71,1,0,1,1,0,0,0,0,1,0.73271817
0,72,25,0,0,1,0,0,0,0,0,0,0.017460275
0,72,87,1,0,1,0,0,0,0,0,0,0.10419803
0,25,25,1,0,1,0,1,0,0,1,0,0.1824321
0,72,98,1,0,1,0,0,0,0,0,0,0.14759558
0,26,87,0,0,1,1,0,0,1,0,1,0.5105519
0,6,88,1,0,1,0,0,0,0,0,1,0.75049084
0,10,99,0,0,1,0,0,0,1,1,1,0.7359387
0,34,74,0,0,1,1,1,0,0,1,0,0.43249917
0,33,20,1,0,1,0,0,0,1,0,0,0.100689344
0,11,51,0,1,1,1,0,0,1,0,0,0.4761009
0,1,51,1,0,1,0,0,0,1,0,1,0.6469979
0,63,20,1,1,1,0,1,0,0,0,0,0.016858565
1,52,108,0,0,1,1,1,1,0,0,0,0.42335084
0,1,20,1,0,1,1,1,0,1,0,0,0.4571334
0,17,70,1,1,1,0,1,0,0,0,1,0.50207245
0,5,76,1,0,1,1,1,0,0,1,1,0.695148
0,8,67,1,0,1,1,1,1,0,0,1,0.60109866
0,41,80,0,1,1,0,0,1,0,1,0,0.4024464
0,25,82,1,0,1,0,0,0,0,0,1,0.5131251
0,53,20,0,1,1,0,0,0,1,0,0,0.029419214
0,62,114,0,0,1,0,0,0,1,0,0,0.42473832
0,39,59,0,0,1,1,1,1,0,0,0,0.23319028
0,67,111,1,1,1,1,0,1,0,0,0,0.23083371
0,37,95,0,1,1,0,0,0,0,0,0,0.4757528
0,72,118,0,1,1,1,1,0,0,0,0,0.22451475
0,8,54,0,0,1,1,1,0,0,0,1,0.54919094
0,7,20,1,1,1,0,1,0,0,0,0,0.29896757
0,24,58,1,0,1,0,0,0,0,0,0,0.44976255
0,42,80,1,0,1,0,0,0,1,0,0,0.41220555
1,20,74,1,0,1,0,1,1,0,1,1,0.5329631
0,68,78,0,1,1,0,0,1,0,0,0,0.082247294
0,24,20,0,1,1,1,1,0,0,0,0,0.1410426
0,70,20,0,0,1,1,0,0,1,0,0,0.013753589
0,2,24,0,0,0,1,1,0,1,0,0,0.49071303
1,1,50,0,0,1,1,1,0,0,1,1,0.6684355
0,19,45,1,0,1,1,0,1,0,0,0,0.42469043
0,8,95,1,1,1,0,1,0,0,0,1,0.7130608
0,27,49,1,0,1,0,0,0,1,0,0,0.31711718
0,41,60,1,1,1,1,1,1,0,0,0,0.16691107
0,51,20,0,1,1,0,0,0,0,0,0,0.03762496
0,62,89,1,1,1,0,0,0,0,0,0,0.15215161
1,43,33,0,0,0,1,1,0,0,0,0,0.13038121
0,30,86,0,1,1,1,0,1,0,0,0,0.46855125
1,23,87,1,0,1,0,0,0,0,0,1,0.5754911
0,61,106,1,1,1,1,0,0,0,1,0,0.30988985
0,23,26,0,1,1,0,0,0,1,0,0,0.16988818
0,56,21,1,1,1,1,1,1,0,0,0,0.024210995
1,32,100,0,1,1,1,1,0,0,0,1,0.5108898
1,46,91,0,0,1,0,0,1,0,0,0,0.42832258
0,18,54,0,1,1,0,0,0,0,0,0,0.45352066
0,32,91,0,1,1,0,0,0,0,1,0,0.48258543
0,46,84,0,0,1,0,1,0,0,0,0,0.40633056
0,32,76,0,1,1,0,0,0,1,0,0,0.43244067
0,1,19,1,0,1,0,1,0,0,0,0,0.47304338
0,46,44,0,0,0,0,0,1,0,0,0,0.14099802
0,9,95,0,0,1,1,0,0,1,1,1,0.72678983
0,29,75,0,0,1,0,0,1,0,0,0,0.46489823
0,60,61,1,0,1,0,0,0,0,0,0,0.09407064
0,66,105,0,0,1,0,0,1,0,0,0,0.27246618
1,40,56,0,0,0,0,0,0,0,1,0,0.29355568
0,13,30,0,1,0,1,1,0,0,0,0,0.3466717
1,49,103,0,0,1,1,1,0,0,0,0,0.43276322
0,55,85,0,1,1,1,1,0,0,0,0,0.1904953
0,62,26,0,1,1,0,0,1,0,0,0,0.024499511
0,64,87,0,1,1,1,0,0,1,0,0,0.118148275
0,13,50,1,1,1,1,1,0,0,0,0,0.45744038
0,35,72,0,1,1,0,0,0,0,1,0,0.42110837
0,70,88,1,0,1,0,1,0,0,0,0,0.11292405
0,3,80,0,1,1,0,0,0,0,1,1,0.7364901
0,72,110,0,0,1,0,0,1,0,0,0,0.22399269
0,72,114,0,0,1,1,0,0,1,0,0,0.23509268
0,33,96,1,0,1,0,1,0,0,1,0,0.49597442
0,56,98,0,0,1,0,0,1,0,0,0,0.39746037
0,63,96,0,0,1,1,1,0,0,0,0,0.22108789
0,5,81,1,0,1,1,1,0,0,1,1,0.718939
1,31,50,0,0,0,1,1,0,1,0,0,0.3307126
0,1,69,0,0,1,0,0,0,0,1,1,0.73877984
0,70,106,1,1,1,0,0,0,0,0,0,0.17243479
0,62,24,0,0,1,0,0,0,1,0,0,0.025722364
0,70,75,0,1,1,1,1,0,0,0,0,0.06560926
0,49,75,1,0,1,0,0,0,1,0,0,0.22443826
0,38,82,1,1,1,0,0,0,0,0,0,0.43264803
0,49,66,1,0,1,1,1,0,0,0,0,0.1697835
1,66,71,0,0,1,0,0,0,0,0,0,0.107536495
0,65,70,1,1,1,1,1,0,0,0,0,0.06982811
0,3,19,1,0,1,0,0,0,1,0,0,0.4380606
0,32,62,0,1,1,0,0,1,0,0,0,0.3583131
1,50,105,1,0,1,0,0,0,1,0,0,0.4302971
0,7,80,0,0,1,1,1,0,0,1,1,0.68566436
0,60,24,1,0,1,0,1,0,0,0,0,0.02897859
0,65,99,1,0,1,0,1,0,0,0,0,0.2144541
0,53,74,1,0,1,0,1,0,0,0,0,0.18073867
0,48,112,1,1,1,1,0,0,1,0,0,0.43010417
0,2,80,0,0,1,1,1,0,0,1,1,0.7592404
0,25,70,1,0,1,0,1,0,0,0,0,0.4718919
0,49,84,0,0,1,1,0,1,0,0,0,0.35935274
0,72,111,1,0,1,1,1,0,0,0,0,0.21027368
0,3,58,0,0,1,1,1,0,0,0,1,0.6444931
1,12,99,1,0,1,1,1,0,0,1,1,0.73183835
0,23,20,0,0,1,1,0,0,1,0,0,0.17055789
0,4,72,1,0,1,0,0,1,0,1,1,0.7031958
0,11,20,0,1,1,0,1,0,0,0,0,0.25727162
0,46,45,1,0,1,1,1,0,0,0,0,0.112384364
0,1,71,0,0,1,0,0,0,0,1,1,0.7466108
0,68,90,0,0,1,1,1,0,0,0,0,0.13739371
0,1,20,1,1,1,1,0,0,1,0,0,0.38182583
0,72,106,1,1,1,1,1,1,0,0,0,0.13351795
0,41,20,1,1,1,1,1,1,0,0,0,0.0533974
0,18,68,1,0,1,0,1,1,0,0,1,0.502967
0,1,46,0,1,1,1,0,0,1,1,1,0.57948077
0,34,106,1,0,1,0,0,0,0,1,1,0.52920115
0,28,106,1,0,1,0,1,1,0,1,1,0.5598782
0,39,55,1,1,0,0,0,1,0,0,0,0.20126276
0,71,97,1,1,1,1,1,0,1,0,0,0.09835921
0,14,19,0,1,1,0,0,0,1,0,0,0.20945966
1,69,74,1,0,1,1,0,0,1,0,0,0.083791256
0,32,20,0,0,1,0,0,0,0,0,0,0.12777776
0,60,105,0,0,1,1,0,0,0,0,0,0.39703938
1,5,71,1,0,1,1,1,0,0,0,1,0.70759994
0,4,49,1,0,0,1,1,0,0,1,1,0.5991426
0,25,20,0,0,1,0,1,0,0,0,0,0.16949923
0,17,55,0,1,1,0,0,1,0,0,0,0.4544553
0,2,46,0,0,1,0,0,1,0,0,1,0.6099259
1,67,106,0,0,1,1,1,0,0,0,0,0.29031107
1,69,30,1,0,0,1,1,0,0,0,0,0.028273288
0,28,90,0,1,1,0,1,0,0,0,0,0.4905864
0,7,94,1,0,1,1,1,0,0,1,1,0.74535936
0,5,91,0,0,1,1,1,0,0,1,1,0.7643378
0,28,106,1,1,1,1,0,0,1,1,1,0.5370863
0,56,52,1,1,0,0,0,0,1,0,0,0.07747949
0,12,54,1,1,1,1,1,0,0,1,0,0.4767478
0,2,19,1,0,1,0,0,0,0,0,0,0.47260672
0,68,25,1,0,1,1,0,1,0,0,0,0.019135658
0,59,72,0,1,1,1,1,0,1,0,0,0.09301874
0,45,63,0,0,1,0,0,0,0,0,0,0.21780796
0,11,20,0,0,1,1,1,1,0,0,0,0.2954056
0,71,25,0,0,1,0,1,0,0,0,0,0.017354744
0,13,80,1,0,1,0,1,0,0,1,1,0.6099022
0,26,19,1,0,1,0,0,0,0,0,0,0.15715104
0,24,55,0,1,1,1,1,0,0,0,0,0.3932856
0,26,62,1,0,1,1,0,1,0,0,0,0.4289469
0,43,40,1,1,0,1,0,0,1,0,0,0.10314627
0,71,21,1,0,1,0,0,0,1,0,0,0.013005834
0,1,90,1,0,1,0,0,0,0,1,1,0.81234497
0,1,19,0,0,1,1,1,1,0,0,0,0.46799764
0,1,62,1,0,1,0,1,0,0,1,1,0.69785804
0,52,19,1,1,1,1,1,0,0,0,0,0.029071692
0,4,70,0,0,1,1,1,0,1,1,1,0.67148
0,23,91,1,0,1,0,0,0,1,1,1,0.55542123
0,69,99,1,1,1,0,0,0,0,1,0,0.14288853
0,5,20,0,0,1,0,0,1,0,0,0,0.43573305
0,1,54,1,0,1,1,0,0,1,1,1,0.6560794
0,6,20,0,0,1,0,0,0,0,0,0,0.42772964
0,43,80,1,0,1,0,1,0,0,0,0,0.40317836
0,67,111,1,0,1,0,0,0,0,0,0,0.34701082
0,5,20,0,0,1,1,0,0,1,1,0,0.3840451
0,1,55,0,0,1,1,1,1,0,1,1,0.6531816
0,11,20,1,0,1,0,0,0,0,0,0,0.3162208
0,4,51,1,1,1,1,1,0,0,1,1,0.5567833
0,40,81,1,1,1,0,0,0,1,0,0,0.40176427
0,1,46,1,1,1,1,1,0,0,1,1,0.57736206
0,1,21,0,0,1,0,0,0,1,1,0,0.4884769
1,22,90,1,0,1,0,1,1,0,0,1,0.5778306
0,16,19,0,1,1,1,0,1,0,0,0,0.20413068
1,15,95,0,0,1,0,0,1,0,0,1,0.69114166
0,40,105,1,0,1,1,1,1,0,1,0,0.48259693
0,25,20,0,1,1,1,0,0,1,0,0,0.12612334
0,12,20,0,1,1,1,1,0,0,1,0,0.23955242
0,2,50,0,0,1,0,1,0,0,1,1,0.62764215
0,1,82,0,0,1,1,0,0,1,1,1,0.7796141
0,12,29,0,1,0,1,0,0,1,1,0,0.3436347
0,16,21,1,0,1,1,1,0,0,0,0,0.2383238
0,30,108,0,1,1,0,1,0,0,0,1,0.5367291
1,1,79,0,0,1,1,0,0,1,1,1,0.7864075
0,3,75,0,0,1,1,1,0,1,1,1,0.71361244
0,67,88,1,0,1,0,0,0,1,0,0,0.12676246
0,36,61,1,1,0,0,0,0,0,0,0,0.29388303
0,62,19,0,0,1,1,1,0,1,0,0,0.01954929
0,57,74,0,0,1,1,0,0,0,0,0,0.15946162
0,2,60,1,1,1,1,1,0,1,0,1,0.6182025
0,43,75,0,1,1,0,0,1,0,0,0,0.284255
0,12,85,0,0,1,1,1,0,0,0,1,0.64404714
0,45,51,0,1,0,0,0,0,1,0,0,0.13395818
0,20,89,1,0,1,1,1,0,0,1,1,0.5693994
0,8,76,0,0,1,0,0,0,0,0,1,0.6734398
0,13,98,1,0,1,1,0,1,0,1,1,0.6915994
0,57,98,1,1,1,0,1,0,0,0,0,0.26034802
0,62,20,1,1,1,0,1,0,0,0,0,0.017831933
0,7,60,0,0,1,1,1,0,1,1,1,0.5812955
0,64,25,0,0,1,1,1,0,0,0,0,0.024782617
0,33,73,1,0,1,1,0,0,1,0,0,0.43309638
0,21,78,1,1,1,0,1,0,1,1,0,0.49071893
0,40,106,0,0,1,1,1,0,1,0,0,0.4889053
0,72,19,1,0,1,0,0,0,0,0,0,0.013134016
0,70,80,0,1,1,0,0,0,0,0,0,0.08105199
0,44,62,0,0,1,0,1,0,0,0,0,0.21082588
0,39,75,1,0,1,0,0,0,0,1,0,0.42682737
0,4,20,1,0,1,0,0,0,0,0,0,0.45736894
1,38,75,0,0,1,1,1,0,0,1,0,0.43271068
0,71,86,0,0,1,1,1,0,0,0,0,0.102675706
0,7,100,0,0,1,1,1,0,0,0,1,0.7729276
0,4,64,0,0,1,1,1,0,0,0,1,0.6570974
0,35,61,0,0,1,0,1,0,0,0,0,0.33835483
0,64,19,0,0,1,0,0,1,0,0,0,0.021505745
0,1,30,0,0,0,0,0,1,0,0,1,0.5670703
0,27,20,1,0,1,0,0,0,1,0,0,0.13647573
0,6,20,0,0,1,1,0,0,0,0,0,0.4060586
0,1,55,0,0,1,0,1,0,0,1,1,0.6685291
1,7,64,1,0,1,0,0,1,0,0,1,0.65365744
0,24,21,0,1,1,1,0,0,0,0,0,0.15373625
1,22,97,1,0,1,1,1,0,0,1,1,0.608764
0,13,20,1,1,1,1,0,1,0,0,0,0.22524466
0,71,25,0,1,1,1,1,0,0,0,0,0.01327794
0,5,85,0,0,1,0,1,0,0,0,1,0.7418159
0,40,50,1,0,1,0,0,0,1,0,0,0.1640905
0,9,80,0,0,1,1,1,1,0,1,1,0.65172493
0,72,97,0,0,1,1,1,0,0,0,0,0.1379703
0,53,54,0,0,0,0,0,0,0,0,0,0.13417226
0,46,100,0,1,1,0,0,0,1,0,0,0.43194842
1,66,103,0,0,1,1,1,0,1,0,0,0.24460456
0,3,45,1,0,1,1,1,0,1,0,1,0.55993426
0,6,75,1,0,1,0,0,1,0,1,1,0.68453085
1,27,110,0,0,1,1,0,0,1,0,1,0.6145306
0,41,45,0,1,1,1,1,0,0,0,0,0.12335445
0,8,20,1,1,1,1,1,0,0,0,0,0.27435914
0,72,68,1,0,1,1,1,0,0,0,0,0.057739265
1,36,96,1,0,1,0,1,0,0,1,0,0.4966401
0,13,89,0,0,1,0,0,0,1,1,1,0.65708315
0,62,20,1,1,1,0,1,0,0,0,0,0.017831933
0,69,106,1,1,1,1,1,0,0,0,0,0.16680792
0,63,100,0,1,1,0,0,0,0,0,0,0.22337367
0,70,116,0,0,1,1,1,0,0,1,0,0.3234526
1,40,92,0,0,1,1,1,0,0,0,0,0.47226712
0,8,30,1,0,0,0,1,0,0,1,0,0.46710116
0,12,100,1,0,1,0,0,1,0,1,1,0.7168639
0,2,20,1,0,1,1,1,0,0,0,0,0.46406975
0,72,38,1,1,0,0,0,0,0,0,0,0.024109844
1,14,20,1,0,1,1,1,0,0,0,0,0.2807868
0,59,96,0,0,1,0,1,0,0,0,0,0.2882343
1,1,40,1,0,0,1,1,0,0,1,1,0.6333258
0,28,36,0,0,0,0,0,1,0,0,0,0.2572127
1,11,55,1,1,1,1,1,0,0,0,1,0.51932865
0,10,41,0,0,0,1,1,0,0,0,0,0.48530668
0,10,85,0,0,1,1,1,0,0,1,1,0.66998893
0,69,20,1,0,1,0,0,0,1,0,0,0.014056112
0,8,19,0,0,1,0,0,0,1,0,0,0.34146726
1,1,25,0,0,0,1,1,0,0,1,1,0.56068504
0,24,79,0,1,1,1,1,0,0,0,0,0.4763229
0,59,95,0,0,1,1,1,0,0,0,0,0.26332894
0,4,20,1,1,1,0,1,0,0,0,0,0.33892402
0,2,75,0,0,1,1,1,1,0,0,1,0.73193294
0,68,81,0,0,1,1,1,0,0,0,0,0.10402498
0,69,92,1,1,1,1,0,0,1,0,0,0.09953857
0,2,20,1,0,1,0,0,1,0,0,0,0.4724346
0,28,81,0,0,1,0,0,0,1,0,0,0.4819968
0,30,40,0,0,0,1,1,0,1,0,0,0.22528546
0,12,67,1,0,1,0,1,0,0,0,1,0.565249
0,23,99,1,0,1,0,0,0,0,1,1,0.5979491
0,57,20,0,0,1,0,0,0,0,0,0,0.03391113
0,66,90,0,0,1,0,0,0,1,0,0,0.15011443
0,3,45,1,0,1,1,0,0,0,1,1,0.5883424
0,8,75,0,0,1,0,0,0,1,0,1,0.65826327
0,7,94,1,0,1,1,0,1,0,1,1,0.75031453
0,64,104,1,0,1,1,0,0,1,0,0,0.2537359
0,17,88,0,1,1,0,0,1,0,1,1,0.57992786
0,69,81,1,1,1,1,0,0,1,0,0,0.07250673
0,22,101,1,0,1,1,1,0,1,0,1,0.58887476
1,25,106,1,0,1,0,1,0,0,1,1,0.62267727
0,38,69,1,0,1,0,0,0,0,0,0,0.40058735
0,10,101,0,0,1,1,1,0,0,1,1,0.737144
0,2,91,1,0,1,0,0,0,1,0,1,0.8007206
0,17,44,1,1,0,0,1,0,0,0,0,0.4313295
0,5,20,1,0,1,0,1,0,0,0,0,0.39993998
0,68,45,0,0,0,0,0,0,1,0,0,0.043954287
0,32,70,1,0,1,1,1,0,0,0,0,0.4328471
0,69,85,1,0,1,0,1,0,0,0,0,0.10824086
0,3,95,0,0,1,0,0,0,1,0,1,0.804995
0,1,84,1,0,1,0,1,0,0,1,1,0.7840505
0,72,73,0,0,1,0,0,1,0,0,0,0.07307663
0,60,20,1,0,1,0,0,0,0,0,0,0.026773572
0,1,46,1,0,1,1,1,0,0,1,1,0.61374694
1,43,94,1,0,1,0,0,0,0,0,0,0.468657
0,2,70,0,0,1,1,1,0,0,0,1,0.7196899
1,23,104,1,0,1,1,0,0,0,0,1,0.6362974
1,54,80,0,0,1,0,0,0,1,1,0,0.23893675
0,4,48,0,0,0,1,1,0,0,0,1,0.5967877
0,32,84,0,0,1,0,0,1,0,1,0,0.47766504
1,1,72,1,0,1,0,0,0,0,1,1,0.7690204
0,1,44,0,0,1,0,1,0,0,0,1,0.61482084
0,63,19,1,0,1,0,0,0,0,0,0,0.02184219
0,16,64,1,1,1,0,0,1,0,0,0,0.49037626
0,70,85,0,0,1,0,0,0,0,0,0,0.115228295
0,27,90,0,0,1,1,0,1,0,0,1,0.51456326
0,17,66,1,0,1,1,1,0,0,0,1,0.50400305
0,31,65,0,0,1,1,0,0,0,1,0,0.4325741
0,17,97,1,0,1,1,1,0,1,0,1,0.6218499
0,47,83,1,0,1,1,1,1,0,1,0,0.333943
0,9,69,0,0,1,1,1,1,0,0,1,0.5997776
0,45,89,0,0,1,1,1,0,0,1,0,0.4312925
0,62,97,1,0,1,0,0,0,1,1,0,0.22869238
0,43,51,0,1,0,0,0,1,0,0,0,0.15775172
0,72,79,0,1,1,1,1,0,0,0,0,0.065963954
1,1,73,0,0,1,1,1,0,0,1,1,0.7639233
0,55,57,0,0,1,1,1,0,1,0,0,0.09427529
0,26,48,0,0,0,1,1,1,0,0,0,0.38528025
0,7,49,0,1,1,0,0,0,0,0,1,0.52824396
0,24,55,1,0,1,0,0,0,0,0,0,0.4298804
0,38,95,1,0,1,0,0,1,0,0,0,0.4713087
0,19,25,1,1,0,0,0,1,0,0,0,0.23139682
0,28,20,0,1,1,1,1,0,0,0,0,0.11576698
0,13,74,1,1,1,0,0,0,1,1,1,0.559108
0,38,111,1,0,1,1,1,1,0,0,1,0.5028441
0,11,51,0,0,1,1,1,0,0,0,1,0.5026586
0,6,63,0,0,0,1,0,0,1,0,1,0.643007
0,43,24,0,1,1,0,1,1,0,0,0,0.061337885
1,11,79,1,0,1,0,1,0,0,0,1,0.6639926
0,18,95,0,0,1,1,0,0,1,0,1,0.61572194
0,23,77,0,1,1,1,1,0,0,0,0,0.476776
0,56,116,1,1,1,0,0,0,0,0,0,0.43222103
0,6,45,1,0,1,0,0,0,0,1,1,0.5500442
0,36,94,1,0,1,0,1,0,0,0,0,0.48680475
0,28,60,1,1,0,0,0,0,0,0,0,0.4315051
0,62,20,1,1,1,1,1,0,0,0,0,0.017222017
0,65,111,0,1,1,1,1,0,0,0,0,0.274174
0,39,51,0,0,0,0,0,0,0,1,0,0.23854081
0,3,20,1,0,1,1,1,0,1,0,0,0.38384548
1,4,49,0,0,1,0,0,0,0,0,1,0.63809806
0,18,71,0,0,1,0,0,1,0,0,1,0.5253481
1,1,71,1,0,1,1,1,0,0,1,1,0.7562639
0,8,86,1,0,1,1,1,0,0,0,1,0.69689506
0,1,20,1,0,1,0,0,0,1,1,0,0.47976968
0,26,100,0,0,1,1,0,0,0,0,1,0.5679301
0,15,86,0,1,1,0,1,0,0,1,1,0.5918354
0,50,110,0,0,1,0,0,1,0,0,0,0.44106528
0,56,26,1,0,1,0,1,0,0,0,0,0.038895104
0,65,91,1,0,1,0,0,0,0,0,0,0.17228113
0,56,65,0,1,1,1,1,0,1,0,0,0.089985445
0,3,76,0,0,1,1,1,1,0,1,1,0.72097915
0,46,66,1,0,1,0,1,0,0,0,0,0.20406023
0,12,21,1,1,1,1,0,1,0,0,0,0.24232061
0,58,92,0,1,1,0,0,1,0,0,0,0.21654288
0,7,85,1,0,1,1,1,0,0,1,1,0.7046673
0,42,20,1,0,1,0,0,0,0,0,0,0.071684964
1,69,108,1,0,1,0,1,0,0,1,0,0.26891023
0,4,70,1,0,1,0,1,0,0,1,1,0.6888277
0,71,116,1,0,1,0,0,0,0,0,0,0.32586822
1,20,81,0,0,1,0,1,0,0,0,1,0.5725066
0,55,69,0,1,1,0,0,1,0,0,0,0.12308336
1,1,21,0,0,1,1,0,1,0,1,1,0.51928097
0,2,69,0,0,1,1,1,0,0,1,1,0.7155236
0,49,62,0,1,1,0,0,0,0,0,0,0.14012615
0,22,20,0,1,1,0,1,0,0,0,0,0.16054717
0,2,20,0,1,1,1,1,1,0,0,0,0.36381966
0,60,21,1,1,1,0,1,1,0,0,0,0.020048596
0,5,97,1,0,1,1,0,1,0,0,1,0.7890924
1,42,95,0,0,1,0,1,0,0,0,0,0.47560495
0,11,19,0,1,1,0,0,0,1,1,0,0.23746948
1,57,95,1,0,1,1,0,0,1,1,0,0.34189835
1,31,97,1,0,1,0,0,0,0,0,1,0.54313093
0,25,21,1,0,1,0,1,0,0,0,0,0.16512713
0,72,75,0,1,1,0,0,1,0,0,0,0.06257105
0,27,56,0,0,1,0,0,0,0,0,0,0.4324279
1,44,30,1,0,0,0,0,1,0,1,0,0.114654
0,34,105,0,1,1,0,0,0,0,0,1,0.506454
0,18,20,0,0,1,0,1,0,0,0,0,0.23009041
0,52,74,0,0,1,0,0,0,1,0,0,0.19244125
0,11,25,0,1,1,1,0,1,0,0,0,0.29799998
0,63,85,1,0,1,0,1,0,0,0,0,0.15010168
0,29,99,1,0,1,0,0,0,0,0,1,0.54288995
0,29,20,1,0,1,0,0,1,0,0,0,0.13618359
0,24,21,0,1,1,1,1,0,1,0,0,0.12903441
0,15,19,0,0,1,1,1,0,1,1,0,0.22310261
0,4,45,1,0,0,0,0,0,1,1,1,0.5859082
0,46,75,0,0,1,0,1,0,0,0,0,0.28417736
0,1,81,1,0,1,0,0,0,0,0,1,0.7826703
0,12,19,1,1,1,0,1,0,0,0,0,0.22810005
1,43,108,0,0,1,0,0,1,0,1,0,0.49533755
0,46,40,1,0,0,1,1,1,0,0,0,0.11249586
0,6,86,0,0,1,1,0,0,0,0,1,0.74287397
0,66,103,0,0,1,0,1,0,0,0,0,0.24185282
0,72,84,0,1,1,1,1,1,0,0,0,0.072750345
0,59,20,1,1,1,0,0,0,1,0,0,0.019615915
0,71,67,1,1,1,1,1,1,0,0,0,0.04637543
0,8,20,0,0,1,0,0,0,0,1,0,0.3861071
0,10,102,0,1,1,1,1,0,0,1,1,0.7158578
0,66,89,0,0,1,1,1,0,0,0,0,0.14815879
0,43,24,1,1,1,0,0,0,0,0,0,0.062335566
0,31,91,0,1,1,0,1,0,0,1,0,0.4806645
1,40,79,0,0,1,0,0,1,0,1,0,0.43002936
0,25,95,1,0,1,1,0,0,0,1,1,0.5550766
0,41,99,0,0,1,1,1,0,0,0,0,0.47241834
0,36,104,0,1,1,0,0,0,0,0,0,0.48951113
0,38,95,1,0,1,1,1,0,0,0,0,0.4740443
0,71,105,1,1,1,0,0,0,1,0,0,0.14060374
0,67,112,0,1,1,1,1,1,0,0,0,0.23314229
0,5,84,1,1,1,1,1,0,0,1,1,0.699967
0,72,24,1,1,1,0,1,0,0,0,0,0.011682514
0,4,51,0,0,1,0,0,0,0,0,1,0.6129505
0,1,70,1,0,1,0,1,0,0,1,1,0.731372
0,15,39,0,0,0,0,0,1,0,0,0,0.44897288
0,40,85,1,0,1,0,0,0,1,0,0,0.43386102
0,1,30,0,0,0,1,1,0,1,0,1,0.53829193
0,35,21,1,0,1,1,0,1,0,0,0,0.10076834
0,10,72,1,0,1,1,0,0,1,1,1,0.60952497
0,1,21,1,0,1,0,0,1,0,0,0,0.4898842
0,13,20,1,0,1,1,0,1,0,0,0,0.27328944
0,58,20,0,1,1,1,1,0,1,0,0,0.020166708
0,8,90,0,0,1,0,1,0,1,0,1,0.71086884
0,58,45,1,0,0,1,1,0,0,0,0,0.07252268
0,19,40,1,0,0,0,0,0,0,1,0,0.43094265
1,72,88,0,1,1,1,1,0,0,0,0,0.094143435
1,4,75,1,0,1,0,1,0,0,0,1,0.7376053
0,66,104,1,0,1,0,0,1,0,0,0,0.24547362
0,53,86,1,1,1,0,1,0,0,0,0,0.21909381
0,30,70,1,0,1,0,0,1,0,0,0,0.436005
0,14,67,1,0,1,0,1,1,0,0,1,0.5353891
0,20,96,0,1,1,1,0,0,0,0,1,0.58546406
0,1,54,1,0,1,0,0,0,1,0,1,0.6623988
0,1,45,1,0,1,0,0,1,0,0,1,0.62058663
